-- phpMyAdmin SQL Dump
-- version 3.5.8.1
-- http://www.phpmyadmin.net
--
-- 主机: localhost
-- 生成日期: 2014 年 11 月 04 日 17:37
-- 服务器版本: 5.5.32
-- PHP 版本: 5.4.16

SET SQL_MODE="NO_AUTO_VALUE_ON_ZERO";
SET time_zone = "+00:00";


/*!40101 SET @OLD_CHARACTER_SET_CLIENT=@@CHARACTER_SET_CLIENT */;
/*!40101 SET @OLD_CHARACTER_SET_RESULTS=@@CHARACTER_SET_RESULTS */;
/*!40101 SET @OLD_COLLATION_CONNECTION=@@COLLATION_CONNECTION */;
/*!40101 SET NAMES utf8 */;

--
-- 数据库: `9aipay`
--

-- --------------------------------------------------------

--
-- 表的结构 `t_access`
--

CREATE TABLE IF NOT EXISTS `t_access` (
  `role_id` smallint(6) unsigned NOT NULL,
  `node_id` smallint(6) unsigned NOT NULL,
  `level` tinyint(1) NOT NULL,
  `module` varchar(50) DEFAULT NULL,
  `pid` int(11) DEFAULT NULL,
  KEY `groupId` (`role_id`),
  KEY `nodeId` (`node_id`)
) ENGINE=MyISAM DEFAULT CHARSET=utf8;

-- --------------------------------------------------------

--
-- 表的结构 `t_article`
--

CREATE TABLE IF NOT EXISTS `t_article` (
  `arcid` mediumint(8) unsigned NOT NULL AUTO_INCREMENT,
  `username` varchar(30) NOT NULL DEFAULT '',
  `property` varchar(50) NOT NULL DEFAULT '',
  `pic` varchar(100) NOT NULL DEFAULT '',
  `colid` smallint(5) unsigned NOT NULL DEFAULT '0',
  `keyword` varchar(100) NOT NULL DEFAULT '',
  `description` text NOT NULL,
  `content` text NOT NULL,
  `createtime` int(10) unsigned NOT NULL DEFAULT '0',
  `updatetime` int(10) unsigned NOT NULL DEFAULT '0',
  `click` int(10) unsigned NOT NULL DEFAULT '0',
  `mid` smallint(5) unsigned NOT NULL DEFAULT '0',
  `source` varchar(100) NOT NULL DEFAULT '',
  `ord` tinyint(3) unsigned NOT NULL DEFAULT '50',
  `title` varchar(100) NOT NULL DEFAULT '',
  `ischeck` tinyint(1) NOT NULL DEFAULT '0',
  PRIMARY KEY (`arcid`),
  KEY `arcindex` (`username`,`colid`,`mid`)
) ENGINE=MyISAM  DEFAULT CHARSET=utf8 AUTO_INCREMENT=7 ;

--
-- 转存表中的数据 `t_article`
--

INSERT INTO `t_article` (`arcid`, `username`, `property`, `pic`, `colid`, `keyword`, `description`, `content`, `createtime`, `updatetime`, `click`, `mid`, `source`, `ord`, `title`, `ischeck`) VALUES
(1, 'yptang', 'h', '', 1, 'php,thinkphp,博客,感谢', ' 这是第一篇博客，希望大家多多支持！ A友说，让我建个博客，分享一些开发的心得，对一些开发的朋友或许会有帮助。后来想想，做过一些东西自己有很多感悟，放在那儿确实有点浪费，真不如分享出来，就算不一定得到大家的认可，但是哪怕对正在开发不得其解的人一点点启发，也是一种欣慰，所以还是开了。 希望大家多多支持，多多分享！ ', '<p style="white-space: normal; line-height: 1.5em;">&nbsp;&nbsp;&nbsp;&nbsp;这是第一篇博客，希望大家多多支持！</p><p style="white-space: normal; line-height: 1.5em;">&nbsp;&nbsp;&nbsp;&nbsp;A友说，让我建个博客，分享一些开发的心得，对一些开发的朋友或许会有帮助。后来想想，做过一些东西自己有很多感悟，放在那儿确实有点浪费，真不如分享出来，就算不一定得到大家的认可，但是哪怕对正在开发不得其解的人一点点启发，也是一种欣慰，所以还是开了。<br/></p><p style="white-space: normal; line-height: 1.5em;">&nbsp;&nbsp;&nbsp;&nbsp;希望大家多多支持，多多分享！</p><p><br/></p>', 1385604118, 1386222308, 168, 1, '未知', 50, '第一篇博客', 1),
(2, 'admin', '', '/Uploads/20131201/1385900739335.png', 1, '个人博客', '博客开通了，多多支持。\r\n今天把博客彻底整理一遍，把皮肤改成了现在的经典橙，把以前的所有多余的样式，脚本统统给去掉了，感觉整个网站都轻了。这个网站整体风格感觉还挺好，有些地方需要修改完善，再接再厉！！！', '<p style="line-height: 1.5em;">&nbsp;&nbsp;&nbsp;&nbsp;今天把博客彻底整理一遍，把皮肤改成了现在的经典橙，把以前的所有多余的样式，脚本统统给去掉了，感觉整个网站都轻了。这个网站整体风格感觉还挺好，有些地方需要修改完善，再接再厉！！！<br/></p>', 1385901420, 1386222313, 56, 1, '未知', 50, '开工啦', 1);
INSERT INTO `t_article` (`arcid`, `username`, `property`, `pic`, `colid`, `keyword`, `description`, `content`, `createtime`, `updatetime`, `click`, `mid`, `source`, `ord`, `title`, `ischeck`) VALUES
(3, 'admin', 'c', 'http://www.9aipay.com/Public/ueditor/php/upload1/20131204/13861433219473.jpg', 3, 'jquery,绑定事件', '.bind(), .live(), 和 .delegate()之间的区别并不明显。但是理解它们的不同之处有助于写出更简洁的代码，并防止我们的交互程序中出现没有预料到的bug', '<p style="margin: 10px auto; white-space: normal; padding: 0px; font-family: verdana, Arial, Helvetica, sans-serif; font-size: 14px; line-height: 1.75em; orphans: 2; widows: 2;"><a href="http://api.jquery.com/bind/" style="margin: 0px; padding: 0px; text-decoration: initial; color: rgb(0, 0, 0); border-bottom-width: 1px; border-bottom-style: dotted; border-bottom-color: rgb(51, 51, 51);">&nbsp; &nbsp; .bind()</a>,&nbsp;<a href="http://api.jquery.com/live/" style="margin: 0px; padding: 0px; text-decoration: initial; color: rgb(0, 0, 0); border-bottom-width: 1px; border-bottom-style: dotted; border-bottom-color: rgb(51, 51, 51);">.live()</a>, 和&nbsp;<a href="http://api.jquery.com/delegate/" style="margin: 0px; padding: 0px; text-decoration: initial; color: rgb(0, 0, 0); border-bottom-width: 1px; border-bottom-style: dotted; border-bottom-color: rgb(51, 51, 51);">.delegate()</a>之间的区别并不明显。但是理解它们的不同之处有助于写出更简洁的代码，并防止我们的交互程序中出现没有预料到的bug。</p><p style="margin: 10px auto; white-space: normal; padding: 0px; font-family: verdana, Arial, Helvetica, sans-serif; font-size: 14px; line-height: 1.75em; orphans: 2; widows: 2;"><span style="color: rgb(84, 141, 212);"><strong><span style="font-size: 16px;">DOM 树</span></strong></span><span style="color: rgb(238, 236, 225);"><strong><span style="font-size: 16px;"></span></strong><strong><span style="font-size: 16px;"></span></strong></span><br/></p><p style="margin: 10px auto; white-space: normal; padding: 0px; font-family: verdana, Arial, Helvetica, sans-serif; font-size: 14px; line-height: 1.75em; orphans: 2; widows: 2;">&nbsp;&nbsp;&nbsp;&nbsp;首先，图形化的HTML文档能帮助我们更好的理解。一个简单的HTML页面看起来应该像这样</p><p style="white-space: normal; line-height: 1.75em;"><img src="http://www.9aipay.com/Public/ueditor/php/upload1/20131204/13861635163223.png" title="chart.png"/></p><p style="white-space: normal;"><br/></p><p style="margin: 10px auto; white-space: normal; padding: 0px; font-family: verdana, Arial, Helvetica, sans-serif; font-size: 14px; line-height: 1.75em; orphans: 2; widows: 2;">点击一个链接，触发绑定在链接元素上的&nbsp;<span style="margin: 0px; padding: 0px; color: rgb(102, 102, 102);">click</span>&nbsp;事件，进而触发绑定到这个元素的click事件的函数。</p><p style="margin: 10px auto; white-space: normal; padding: 0px; font-family: verdana, Arial, Helvetica, sans-serif; font-size: 14px; line-height: 1.75em; orphans: 2; widows: 2;"><code class="javascript plain" style="line-height: 21.59375px; font-size: 12px; white-space: pre-wrap; margin: 0px !important; padding: 0px !important; border-top-left-radius: 0px !important; border-top-right-radius: 0px !important; border-bottom-right-radius: 0px !important; border-bottom-left-radius: 0px !important; background-image: none !important; border: 0px !important; bottom: auto !important; float: none !important; height: auto !important; left: auto !important; outline: 0px !important; overflow: visible !important; position: static !important; right: auto !important; top: auto !important; vertical-align: baseline !important; width: auto !important; box-sizing: content-box !important; font-family: Consolas, &#39;Bitstream Vera Sans Mono&#39;, &#39;Courier New&#39;, Courier, monospace !important; min-height: auto !important;"><span style="font-size: 14px;"> &nbsp; $(</span></code><code class="javascript string" style="line-height: 21.59375px; font-size: 12px; white-space: pre-wrap; margin: 0px !important; padding: 0px !important; border-top-left-radius: 0px !important; border-top-right-radius: 0px !important; border-bottom-right-radius: 0px !important; border-bottom-left-radius: 0px !important; background-image: none !important; border: 0px !important; bottom: auto !important; float: none !important; height: auto !important; left: auto !important; outline: 0px !important; overflow: visible !important; position: static !important; right: auto !important; top: auto !important; vertical-align: baseline !important; width: auto !important; box-sizing: content-box !important; font-family: Consolas, &#39;Bitstream Vera Sans Mono&#39;, &#39;Courier New&#39;, Courier, monospace !important; min-height: auto !important; color: blue !important;"><span style="font-size: 14px;">&#39;a&#39;</span></code><code class="javascript plain" style="line-height: 21.59375px; font-size: 12px; white-space: pre-wrap; margin: 0px !important; padding: 0px !important; border-top-left-radius: 0px !important; border-top-right-radius: 0px !important; border-bottom-right-radius: 0px !important; border-bottom-left-radius: 0px !important; background-image: none !important; border: 0px !important; bottom: auto !important; float: none !important; height: auto !important; left: auto !important; outline: 0px !important; overflow: visible !important; position: static !important; right: auto !important; top: auto !important; vertical-align: baseline !important; width: auto !important; box-sizing: content-box !important; font-family: Consolas, &#39;Bitstream Vera Sans Mono&#39;, &#39;Courier New&#39;, Courier, monospace !important; min-height: auto !important;"><span style="font-size: 14px;">).bind(</span></code><code class="javascript string" style="line-height: 21.59375px; font-size: 12px; white-space: pre-wrap; margin: 0px !important; padding: 0px !important; border-top-left-radius: 0px !important; border-top-right-radius: 0px !important; border-bottom-right-radius: 0px !important; border-bottom-left-radius: 0px !important; background-image: none !important; border: 0px !important; bottom: auto !important; float: none !important; height: auto !important; left: auto !important; outline: 0px !important; overflow: visible !important; position: static !important; right: auto !important; top: auto !important; vertical-align: baseline !important; width: auto !important; box-sizing: content-box !important; font-family: Consolas, &#39;Bitstream Vera Sans Mono&#39;, &#39;Courier New&#39;, Courier, monospace !important; min-height: auto !important; color: blue !important;"><span style="font-size: 14px;">&#39;click&#39;</span></code><code class="javascript plain" style="line-height: 21.59375px; font-size: 12px; white-space: pre-wrap; margin: 0px !important; padding: 0px !important; border-top-left-radius: 0px !important; border-top-right-radius: 0px !important; border-bottom-right-radius: 0px !important; border-bottom-left-radius: 0px !important; background-image: none !important; border: 0px !important; bottom: auto !important; float: none !important; height: auto !important; left: auto !important; outline: 0px !important; overflow: visible !important; position: static !important; right: auto !important; top: auto !important; vertical-align: baseline !important; width: auto !important; box-sizing: content-box !important; font-family: Consolas, &#39;Bitstream Vera Sans Mono&#39;, &#39;Courier New&#39;, Courier, monospace !important; min-height: auto !important;"><span style="font-size: 14px;">, </span></code><code class="javascript keyword" style="line-height: 21.59375px; font-size: 12px; white-space: pre-wrap; margin: 0px !important; padding: 0px !important; border-top-left-radius: 0px !important; border-top-right-radius: 0px !important; border-bottom-right-radius: 0px !important; border-bottom-left-radius: 0px !important; background-image: none !important; border: 0px !important; bottom: auto !important; float: none !important; height: auto !important; left: auto !important; outline: 0px !important; overflow: visible !important; position: static !important; right: auto !important; top: auto !important; vertical-align: baseline !important; width: auto !important; box-sizing: content-box !important; font-family: Consolas, &#39;Bitstream Vera Sans Mono&#39;, &#39;Courier New&#39;, Courier, monospace !important; min-height: auto !important; color: rgb(0, 0, 255) !important;"><span style="font-size: 14px;">function</span></code><code class="javascript plain" style="line-height: 21.59375px; font-size: 12px; white-space: pre-wrap; margin: 0px !important; padding: 0px !important; border-top-left-radius: 0px !important; border-top-right-radius: 0px !important; border-bottom-right-radius: 0px !important; border-bottom-left-radius: 0px !important; background-image: none !important; border: 0px !important; bottom: auto !important; float: none !important; height: auto !important; left: auto !important; outline: 0px !important; overflow: visible !important; position: static !important; right: auto !important; top: auto !important; vertical-align: baseline !important; width: auto !important; box-sizing: content-box !important; font-family: Consolas, &#39;Bitstream Vera Sans Mono&#39;, &#39;Courier New&#39;, Courier, monospace !important; min-height: auto !important;"><span style="font-size: 14px;">() { alert(</span></code><code class="javascript string" style="line-height: 21.59375px; font-size: 12px; white-space: pre-wrap; margin: 0px !important; padding: 0px !important; border-top-left-radius: 0px !important; border-top-right-radius: 0px !important; border-bottom-right-radius: 0px !important; border-bottom-left-radius: 0px !important; background-image: none !important; border: 0px !important; bottom: auto !important; float: none !important; height: auto !important; left: auto !important; outline: 0px !important; overflow: visible !important; position: static !important; right: auto !important; top: auto !important; vertical-align: baseline !important; width: auto !important; box-sizing: content-box !important; font-family: Consolas, &#39;Bitstream Vera Sans Mono&#39;, &#39;Courier New&#39;, Courier, monospace !important; min-height: auto !important; color: blue !important;"><span style="font-size: 14px;">&quot;That tickles!&quot;</span></code><code class="javascript plain" style="line-height: 21.59375px; font-size: 12px; white-space: pre-wrap; margin: 0px !important; padding: 0px !important; border-top-left-radius: 0px !important; border-top-right-radius: 0px !important; border-bottom-right-radius: 0px !important; border-bottom-left-radius: 0px !important; background-image: none !important; border: 0px !important; bottom: auto !important; float: none !important; height: auto !important; left: auto !important; outline: 0px !important; overflow: visible !important; position: static !important; right: auto !important; top: auto !important; vertical-align: baseline !important; width: auto !important; box-sizing: content-box !important; font-family: Consolas, &#39;Bitstream Vera Sans Mono&#39;, &#39;Courier New&#39;, Courier, monospace !important; min-height: auto !important;"><span style="font-size: 14px;">) });</span></code></p><p style="white-space: normal; line-height: 1.75em;"><span style="font-family: verdana, Arial, Helvetica, sans-serif; font-size: 14px; line-height: 1.5em; orphans: 2; widows: 2;">&nbsp;&nbsp;&nbsp;&nbsp;所以一次点击会触发一个alert。　　</span><br/></p><p style="white-space: normal; line-height: 1.75em;">&nbsp;&nbsp;&nbsp;&nbsp;<img src="http://www.9aipay.com/Public/ueditor/php/upload1/20131204/13861635291636.png" title="chart1.png"/></p><p style="white-space: normal; line-height: 1.75em;"><span style="font-family: verdana, Arial, Helvetica, sans-serif; font-size: 14px; line-height: 21px; orphans: 2; widows: 2; background-color: rgb(255, 255, 255);">&nbsp;&nbsp;&nbsp;&nbsp;然后，这个&nbsp;</span><span style="margin: 0px; padding: 0px; font-family: verdana, Arial, Helvetica, sans-serif; font-size: 14px; line-height: 21px; orphans: 2; widows: 2; background-color: rgb(255, 255, 255); color: rgb(102, 102, 102);">click</span><span style="font-family: verdana, Arial, Helvetica, sans-serif; font-size: 14px; line-height: 21px; orphans: 2; widows: 2; background-color: rgb(255, 255, 255);">&nbsp;事件会从DOM树向上传递，传播到父元素，然后传递给每一个祖先元素。</span></p><p style="white-space: normal; line-height: 1.75em;"><img src="http://www.9aipay.com/Public/ueditor/php/upload1/20131204/13861635533390.png" title="chart2.png"/></p><p style="margin: 10px auto; white-space: normal; padding: 0px; font-family: verdana, Arial, Helvetica, sans-serif; font-size: 14px; line-height: 1.75em; orphans: 2; widows: 2;">在DOM树中，<span style="margin: 0px; padding: 0px; color: rgb(102, 102, 102);">&nbsp;document&nbsp;</span>是根节点。</p><p style="white-space: normal;"><br style="margin: 0px; padding: 0px;"/></p><p style="margin: 10px auto; white-space: normal; padding: 0px; font-family: verdana, Arial, Helvetica, sans-serif; font-size: 14px; line-height: 1.75em; orphans: 2; widows: 2;">现在我们能容易的解释<a href="http://api.jquery.com/bind/" style="margin: 0px; padding: 0px; text-decoration: initial; color: rgb(0, 0, 0); border-bottom-width: 1px; border-bottom-style: dotted; border-bottom-color: rgb(51, 51, 51);">.bind()</a>,&nbsp;<a href="http://api.jquery.com/live/" style="margin: 0px; padding: 0px; text-decoration: initial; color: rgb(0, 0, 0); border-bottom-width: 1px; border-bottom-style: dotted; border-bottom-color: rgb(51, 51, 51);">.live()</a>, 和&nbsp;<a href="http://api.jquery.com/delegate/" style="margin: 0px; padding: 0px; text-decoration: initial; color: rgb(0, 0, 0); border-bottom-width: 1px; border-bottom-style: dotted; border-bottom-color: rgb(51, 51, 51);">.delegate()</a>之间的差别了</p><p style="margin: 10px auto; white-space: normal; padding: 0px; font-family: verdana, Arial, Helvetica, sans-serif; font-size: 14px; line-height: 1.75em; orphans: 2; widows: 2;"><span style="font-size: 16px; color: rgb(84, 141, 212);"><strong>.bind()</strong></span></p><p style="white-space: normal; line-height: 1.75em;"><span size="3" style="margin: 0px; padding: 0px; font-size: small;"></span></p><p style="white-space: normal; line-height: 1.75em;"><code class="javascript plain" style="white-space: pre-wrap; line-height: 1.8em !important; margin: 0px !important; padding: 0px !important; border-top-left-radius: 0px !important; border-top-right-radius: 0px !important; border-bottom-right-radius: 0px !important; border-bottom-left-radius: 0px !important; background-image: none !important; border: 0px !important; bottom: auto !important; float: none !important; height: auto !important; left: auto !important; outline: 0px !important; overflow: visible !important; position: static !important; right: auto !important; top: auto !important; vertical-align: baseline !important; width: auto !important; box-sizing: content-box !important; font-family: Consolas, &#39;Bitstream Vera Sans Mono&#39;, &#39;Courier New&#39;, Courier, monospace !important; min-height: auto !important;">&nbsp;&nbsp; $(</code><code class="javascript string" style="white-space: pre-wrap; line-height: 1.8em !important; margin: 0px !important; padding: 0px !important; border-top-left-radius: 0px !important; border-top-right-radius: 0px !important; border-bottom-right-radius: 0px !important; border-bottom-left-radius: 0px !important; background-image: none !important; border: 0px !important; bottom: auto !important; float: none !important; height: auto !important; left: auto !important; outline: 0px !important; overflow: visible !important; position: static !important; right: auto !important; top: auto !important; vertical-align: baseline !important; width: auto !important; box-sizing: content-box !important; font-family: Consolas, &#39;Bitstream Vera Sans Mono&#39;, &#39;Courier New&#39;, Courier, monospace !important; min-height: auto !important; color: blue !important;">&#39;a&#39;</code><code class="javascript plain" style="white-space: pre-wrap; line-height: 1.8em !important; margin: 0px !important; padding: 0px !important; border-top-left-radius: 0px !important; border-top-right-radius: 0px !important; border-bottom-right-radius: 0px !important; border-bottom-left-radius: 0px !important; background-image: none !important; border: 0px !important; bottom: auto !important; float: none !important; height: auto !important; left: auto !important; outline: 0px !important; overflow: visible !important; position: static !important; right: auto !important; top: auto !important; vertical-align: baseline !important; width: auto !important; box-sizing: content-box !important; font-family: Consolas, &#39;Bitstream Vera Sans Mono&#39;, &#39;Courier New&#39;, Courier, monospace !important; min-height: auto !important;">).bind(</code><code class="javascript string" style="white-space: pre-wrap; line-height: 1.8em !important; margin: 0px !important; padding: 0px !important; border-top-left-radius: 0px !important; border-top-right-radius: 0px !important; border-bottom-right-radius: 0px !important; border-bottom-left-radius: 0px !important; background-image: none !important; border: 0px !important; bottom: auto !important; float: none !important; height: auto !important; left: auto !important; outline: 0px !important; overflow: visible !important; position: static !important; right: auto !important; top: auto !important; vertical-align: baseline !important; width: auto !important; box-sizing: content-box !important; font-family: Consolas, &#39;Bitstream Vera Sans Mono&#39;, &#39;Courier New&#39;, Courier, monospace !important; min-height: auto !important; color: blue !important;">&#39;click&#39;</code><code class="javascript plain" style="white-space: pre-wrap; line-height: 1.8em !important; margin: 0px !important; padding: 0px !important; border-top-left-radius: 0px !important; border-top-right-radius: 0px !important; border-bottom-right-radius: 0px !important; border-bottom-left-radius: 0px !important; background-image: none !important; border: 0px !important; bottom: auto !important; float: none !important; height: auto !important; left: auto !important; outline: 0px !important; overflow: visible !important; position: static !important; right: auto !important; top: auto !important; vertical-align: baseline !important; width: auto !important; box-sizing: content-box !important; font-family: Consolas, &#39;Bitstream Vera Sans Mono&#39;, &#39;Courier New&#39;, Courier, monospace !important; min-height: auto !important;">, </code><code class="javascript keyword" style="white-space: pre-wrap; line-height: 1.8em !important; margin: 0px !important; padding: 0px !important; border-top-left-radius: 0px !important; border-top-right-radius: 0px !important; border-bottom-right-radius: 0px !important; border-bottom-left-radius: 0px !important; background-image: none !important; border: 0px !important; bottom: auto !important; float: none !important; height: auto !important; left: auto !important; outline: 0px !important; overflow: visible !important; position: static !important; right: auto !important; top: auto !important; vertical-align: baseline !important; width: auto !important; box-sizing: content-box !important; font-family: Consolas, &#39;Bitstream Vera Sans Mono&#39;, &#39;Courier New&#39;, Courier, monospace !important; min-height: auto !important; color: rgb(0, 0, 255) !important;">function</code><code class="javascript plain" style="white-space: pre-wrap; line-height: 1.8em !important; margin: 0px !important; padding: 0px !important; border-top-left-radius: 0px !important; border-top-right-radius: 0px !important; border-bottom-right-radius: 0px !important; border-bottom-left-radius: 0px !important; background-image: none !important; border: 0px !important; bottom: auto !important; float: none !important; height: auto !important; left: auto !important; outline: 0px !important; overflow: visible !important; position: static !important; right: auto !important; top: auto !important; vertical-align: baseline !important; width: auto !important; box-sizing: content-box !important; font-family: Consolas, &#39;Bitstream Vera Sans Mono&#39;, &#39;Courier New&#39;, Courier, monospace !important; min-height: auto !important;">() { alert(</code><code class="javascript string" style="white-space: pre-wrap; line-height: 1.8em !important; margin: 0px !important; padding: 0px !important; border-top-left-radius: 0px !important; border-top-right-radius: 0px !important; border-bottom-right-radius: 0px !important; border-bottom-left-radius: 0px !important; background-image: none !important; border: 0px !important; bottom: auto !important; float: none !important; height: auto !important; left: auto !important; outline: 0px !important; overflow: visible !important; position: static !important; right: auto !important; top: auto !important; vertical-align: baseline !important; width: auto !important; box-sizing: content-box !important; font-family: Consolas, &#39;Bitstream Vera Sans Mono&#39;, &#39;Courier New&#39;, Courier, monospace !important; min-height: auto !important; color: blue !important;">&quot;That tickles!&quot;</code><code class="javascript plain" style="white-space: pre-wrap; line-height: 1.8em !important; margin: 0px !important; padding: 0px !important; border-top-left-radius: 0px !important; border-top-right-radius: 0px !important; border-bottom-right-radius: 0px !important; border-bottom-left-radius: 0px !important; background-image: none !important; border: 0px !important; bottom: auto !important; float: none !important; height: auto !important; left: auto !important; outline: 0px !important; overflow: visible !important; position: static !important; right: auto !important; top: auto !important; vertical-align: baseline !important; width: auto !important; box-sizing: content-box !important; font-family: Consolas, &#39;Bitstream Vera Sans Mono&#39;, &#39;Courier New&#39;, Courier, monospace !important; min-height: auto !important;">) });</code></p><p style="margin: 10px auto; white-space: normal; padding: 0px; font-family: verdana, Arial, Helvetica, sans-serif; font-size: 14px; line-height: 1.75em; orphans: 2; widows: 2;">&nbsp;&nbsp;&nbsp;&nbsp;这是最直接的绑定方法。jQuery 扫描文档找到所有 $(‘a’) 元素，然后给每一个找到的元素的 click 事件绑定处理函数。</p><p style="margin: 10px auto; white-space: normal; padding: 0px; font-family: verdana, Arial, Helvetica, sans-serif; font-size: 14px; line-height: 1.75em; orphans: 2; widows: 2;"><span style="font-size: 16px; color: rgb(84, 141, 212);"><strong>.live()</strong></span></p><p style="margin: 10px auto; white-space: normal; padding: 0px; font-family: verdana, Arial, Helvetica, sans-serif; font-size: 14px; line-height: 1.75em; orphans: 2; widows: 2;"><span style="font-size: 16px;"><strong>&nbsp;&nbsp;&nbsp;&nbsp;</strong></span><code class="javascript plain" style="white-space: pre-wrap; line-height: 1.8em !important; margin: 0px !important; padding: 0px !important; border-top-left-radius: 0px !important; border-top-right-radius: 0px !important; border-bottom-right-radius: 0px !important; border-bottom-left-radius: 0px !important; background-image: none !important; border: 0px !important; bottom: auto !important; float: none !important; height: auto !important; left: auto !important; outline: 0px !important; overflow: visible !important; position: static !important; right: auto !important; top: auto !important; vertical-align: baseline !important; width: auto !important; box-sizing: content-box !important; font-family: Consolas, &#39;Bitstream Vera Sans Mono&#39;, &#39;Courier New&#39;, Courier, monospace !important; min-height: auto !important;">$(</code><code class="javascript string" style="white-space: pre-wrap; line-height: 1.8em !important; margin: 0px !important; padding: 0px !important; border-top-left-radius: 0px !important; border-top-right-radius: 0px !important; border-bottom-right-radius: 0px !important; border-bottom-left-radius: 0px !important; background-image: none !important; border: 0px !important; bottom: auto !important; float: none !important; height: auto !important; left: auto !important; outline: 0px !important; overflow: visible !important; position: static !important; right: auto !important; top: auto !important; vertical-align: baseline !important; width: auto !important; box-sizing: content-box !important; font-family: Consolas, &#39;Bitstream Vera Sans Mono&#39;, &#39;Courier New&#39;, Courier, monospace !important; min-height: auto !important; color: blue !important;">&#39;a&#39;</code><code class="javascript plain" style="white-space: pre-wrap; line-height: 1.8em !important; margin: 0px !important; padding: 0px !important; border-top-left-radius: 0px !important; border-top-right-radius: 0px !important; border-bottom-right-radius: 0px !important; border-bottom-left-radius: 0px !important; background-image: none !important; border: 0px !important; bottom: auto !important; float: none !important; height: auto !important; left: auto !important; outline: 0px !important; overflow: visible !important; position: static !important; right: auto !important; top: auto !important; vertical-align: baseline !important; width: auto !important; box-sizing: content-box !important; font-family: Consolas, &#39;Bitstream Vera Sans Mono&#39;, &#39;Courier New&#39;, Courier, monospace !important; min-height: auto !important;">).live(</code><code class="javascript string" style="white-space: pre-wrap; line-height: 1.8em !important; margin: 0px !important; padding: 0px !important; border-top-left-radius: 0px !important; border-top-right-radius: 0px !important; border-bottom-right-radius: 0px !important; border-bottom-left-radius: 0px !important; background-image: none !important; border: 0px !important; bottom: auto !important; float: none !important; height: auto !important; left: auto !important; outline: 0px !important; overflow: visible !important; position: static !important; right: auto !important; top: auto !important; vertical-align: baseline !important; width: auto !important; box-sizing: content-box !important; font-family: Consolas, &#39;Bitstream Vera Sans Mono&#39;, &#39;Courier New&#39;, Courier, monospace !important; min-height: auto !important; color: blue !important;">&#39;click&#39;</code><code class="javascript plain" style="white-space: pre-wrap; line-height: 1.8em !important; margin: 0px !important; padding: 0px !important; border-top-left-radius: 0px !important; border-top-right-radius: 0px !important; border-bottom-right-radius: 0px !important; border-bottom-left-radius: 0px !important; background-image: none !important; border: 0px !important; bottom: auto !important; float: none !important; height: auto !important; left: auto !important; outline: 0px !important; overflow: visible !important; position: static !important; right: auto !important; top: auto !important; vertical-align: baseline !important; width: auto !important; box-sizing: content-box !important; font-family: Consolas, &#39;Bitstream Vera Sans Mono&#39;, &#39;Courier New&#39;, Courier, monospace !important; min-height: auto !important;">, </code><code class="javascript keyword" style="white-space: pre-wrap; line-height: 1.8em !important; margin: 0px !important; padding: 0px !important; border-top-left-radius: 0px !important; border-top-right-radius: 0px !important; border-bottom-right-radius: 0px !important; border-bottom-left-radius: 0px !important; background-image: none !important; border: 0px !important; bottom: auto !important; float: none !important; height: auto !important; left: auto !important; outline: 0px !important; overflow: visible !important; position: static !important; right: auto !important; top: auto !important; vertical-align: baseline !important; width: auto !important; box-sizing: content-box !important; font-family: Consolas, &#39;Bitstream Vera Sans Mono&#39;, &#39;Courier New&#39;, Courier, monospace !important; min-height: auto !important; color: rgb(0, 0, 255) !important;">function</code><code class="javascript plain" style="white-space: pre-wrap; line-height: 1.8em !important; margin: 0px !important; padding: 0px !important; border-top-left-radius: 0px !important; border-top-right-radius: 0px !important; border-bottom-right-radius: 0px !important; border-bottom-left-radius: 0px !important; background-image: none !important; border: 0px !important; bottom: auto !important; float: none !important; height: auto !important; left: auto !important; outline: 0px !important; overflow: visible !important; position: static !important; right: auto !important; top: auto !important; vertical-align: baseline !important; width: auto !important; box-sizing: content-box !important; font-family: Consolas, &#39;Bitstream Vera Sans Mono&#39;, &#39;Courier New&#39;, Courier, monospace !important; min-height: auto !important;">() { alert(</code><code class="javascript string" style="white-space: pre-wrap; line-height: 1.8em !important; margin: 0px !important; padding: 0px !important; border-top-left-radius: 0px !important; border-top-right-radius: 0px !important; border-bottom-right-radius: 0px !important; border-bottom-left-radius: 0px !important; background-image: none !important; border: 0px !important; bottom: auto !important; float: none !important; height: auto !important; left: auto !important; outline: 0px !important; overflow: visible !important; position: static !important; right: auto !important; top: auto !important; vertical-align: baseline !important; width: auto !important; box-sizing: content-box !important; font-family: Consolas, &#39;Bitstream Vera Sans Mono&#39;, &#39;Courier New&#39;, Courier, monospace !important; min-height: auto !important; color: blue !important;">&quot;That </code><code class="javascript string" style="white-space: pre-wrap; line-height: 1.8em !important; margin: 0px !important; padding: 0px !important; border-top-left-radius: 0px !important; border-top-right-radius: 0px !important; border-bottom-right-radius: 0px !important; border-bottom-left-radius: 0px !important; background-image: none !important; border: 0px !important; bottom: auto !important; float: none !important; height: auto !important; left: auto !important; outline: 0px !important; overflow: visible !important; position: static !important; right: auto !important; top: auto !important; vertical-align: baseline !important; width: auto !important; box-sizing: content-box !important; font-family: Consolas, &#39;Bitstream Vera Sans Mono&#39;, &#39;Courier New&#39;, Courier, monospace !important; min-height: auto !important; color: blue !important;">tickles!&quot;</code><code class="javascript plain" style="white-space: pre-wrap; line-height: 1.8em !important; margin: 0px !important; padding: 0px !important; border-top-left-radius: 0px !important; border-top-right-radius: 0px !important; border-bottom-right-radius: 0px !important; border-bottom-left-radius: 0px !important; background-image: none !important; border: 0px !important; bottom: auto !important; float: none !important; height: auto !important; left: auto !important; outline: 0px !important; overflow: visible !important; position: static !important; right: auto !important; top: auto !important; vertical-align: baseline !important; width: auto !important; box-sizing: content-box !important; font-family: Consolas, &#39;Bitstream Vera Sans Mono&#39;, &#39;Courier New&#39;, Courier, monospace !important; min-height: auto !important;">) });</code></p><p style="margin: 10px auto; white-space: normal; padding: 0px; font-family: verdana, Arial, Helvetica, sans-serif; font-size: 14px; line-height: 1.75em; orphans: 2; widows: 2;">&nbsp;&nbsp;&nbsp;&nbsp;jQuery绑定处理函数到 $(document) 元素，并把 ‘click’ 和 ‘a’ 作为函数的参数。有事件冒泡到document节点的时候，检查这个事件是不是 click 事件，target element能不能匹配 ‘a’ css选择器，如果两个条件都是true，处理函数执行。</p><p style="margin: 10px auto; white-space: normal; padding: 0px; font-family: verdana, Arial, Helvetica, sans-serif; font-size: 14px; line-height: 1.75em; orphans: 2; widows: 2;">&nbsp;&nbsp;&nbsp;&nbsp;&nbsp;live方法也可以绑定到指定的元素（或者说“上下文(context)”）而不用绑定到document，比如：</p><p style="white-space: normal; line-height: 1.75em;"><code class="javascript plain" style="white-space: pre-wrap; line-height: 1.8em !important; margin: 0px !important; padding: 0px !important; border-top-left-radius: 0px !important; border-top-right-radius: 0px !important; border-bottom-right-radius: 0px !important; border-bottom-left-radius: 0px !important; background-image: none !important; border: 0px !important; bottom: auto !important; float: none !important; height: auto !important; left: auto !important; outline: 0px !important; overflow: visible !important; position: static !important; right: auto !important; top: auto !important; vertical-align: baseline !important; width: auto !important; box-sizing: content-box !important; font-family: Consolas, &#39;Bitstream Vera Sans Mono&#39;, &#39;Courier New&#39;, Courier, monospace !important; min-height: auto !important;">&nbsp;&nbsp; <code class="javascript plain" style="line-height: 21.59375px; font-size: 12px; orphans: 2; widows: 2; margin: 0px !important; padding: 0px !important; border-top-left-radius: 0px !important; border-top-right-radius: 0px !important; border-bottom-right-radius: 0px !important; border-bottom-left-radius: 0px !important; background-image: none !important; border: 0px !important; bottom: auto !important; float: none !important; height: auto !important; left: auto !important; outline: 0px !important; overflow: visible !important; position: static !important; right: auto !important; top: auto !important; vertical-align: baseline !important; width: auto !important; box-sizing: content-box !important; font-family: Consolas, &#39;Bitstream Vera Sans Mono&#39;, &#39;Courier New&#39;, Courier, monospace !important; min-height: auto !important;"><span style="font-size: 14px;">$(</span></code><code class="javascript string" style="line-height: 21.59375px; font-size: 12px; orphans: 2; widows: 2; margin: 0px !important; padding: 0px !important; border-top-left-radius: 0px !important; border-top-right-radius: 0px !important; border-bottom-right-radius: 0px !important; border-bottom-left-radius: 0px !important; background-image: none !important; border: 0px !important; bottom: auto !important; float: none !important; height: auto !important; left: auto !important; outline: 0px !important; overflow: visible !important; position: static !important; right: auto !important; top: auto !important; vertical-align: baseline !important; width: auto !important; box-sizing: content-box !important; font-family: Consolas, &#39;Bitstream Vera Sans Mono&#39;, &#39;Courier New&#39;, Courier, monospace !important; min-height: auto !important; color: blue !important;"><span style="font-size: 14px;">&#39;a&#39;</span></code><code class="javascript plain" style="line-height: 21.59375px; font-size: 12px; orphans: 2; widows: 2; margin: 0px !important; padding: 0px !important; border-top-left-radius: 0px !important; border-top-right-radius: 0px !important; border-bottom-right-radius: 0px !important; border-bottom-left-radius: 0px !important; background-image: none !important; border: 0px !important; bottom: auto !important; float: none !important; height: auto !important; left: auto !important; outline: 0px !important; overflow: visible !important; position: static !important; right: auto !important; top: auto !important; vertical-align: baseline !important; width: auto !important; box-sizing: content-box !important; font-family: Consolas, &#39;Bitstream Vera Sans Mono&#39;, &#39;Courier New&#39;, Courier, monospace !important; min-height: auto !important;"><span style="font-size: 14px;">, $(</span></code><code class="javascript string" style="line-height: 21.59375px; font-size: 12px; orphans: 2; widows: 2; margin: 0px !important; padding: 0px !important; border-top-left-radius: 0px !important; border-top-right-radius: 0px !important; border-bottom-right-radius: 0px !important; border-bottom-left-radius: 0px !important; background-image: none !important; border: 0px !important; bottom: auto !important; float: none !important; height: auto !important; left: auto !important; outline: 0px !important; overflow: visible !important; position: static !important; right: auto !important; top: auto !important; vertical-align: baseline !important; width: auto !important; box-sizing: content-box !important; font-family: Consolas, &#39;Bitstream Vera Sans Mono&#39;, &#39;Courier New&#39;, Courier, monospace !important; min-height: auto !important; color: blue !important;"><span style="font-size: 14px;">&#39;#container&#39;</span></code><code class="javascript plain" style="line-height: 21.59375px; font-size: 12px; orphans: 2; widows: 2; margin: 0px !important; padding: 0px !important; border-top-left-radius: 0px !important; border-top-right-radius: 0px !important; border-bottom-right-radius: 0px !important; border-bottom-left-radius: 0px !important; background-image: none !important; border: 0px !important; bottom: auto !important; float: none !important; height: auto !important; left: auto !important; outline: 0px !important; overflow: visible !important; position: static !important; right: auto !important; top: auto !important; vertical-align: baseline !important; width: auto !important; box-sizing: content-box !important; font-family: Consolas, &#39;Bitstream Vera Sans Mono&#39;, &#39;Courier New&#39;, Courier, monospace !important; min-height: auto !important;"><span style="font-size: 14px;">)[0]).live(...);</span></code></code></p><p style="margin: 10px auto; white-space: normal; padding: 0px; font-size: 14px; orphans: 2; widows: 2; line-height: 1.75em;"><span style="font-size: 16px; color: rgb(84, 141, 212);"><strong><strong style="font-family: verdana, Arial, Helvetica, sans-serif; line-height: 21px;">.delegate()</strong></strong></span></p><p style="margin: 10px auto; white-space: normal; padding: 0px; font-size: 14px; orphans: 2; widows: 2; line-height: 1.75em;"><span style="font-size: 16px;"><strong><strong style="font-family: verdana, Arial, Helvetica, sans-serif; line-height: 21px;"><code class="javascript plain" style="font-size: 12px; white-space: pre-wrap; line-height: 1.8em !important; margin: 0px !important; padding: 0px !important; border-top-left-radius: 0px !important; border-top-right-radius: 0px !important; border-bottom-right-radius: 0px !important; border-bottom-left-radius: 0px !important; background-image: none !important; border: 0px !important; bottom: auto !important; float: none !important; height: auto !important; left: auto !important; outline: 0px !important; overflow: visible !important; position: static !important; right: auto !important; top: auto !important; vertical-align: baseline !important; width: auto !important; box-sizing: content-box !important; font-family: Consolas, &#39;Bitstream Vera Sans Mono&#39;, &#39;Courier New&#39;, Courier, monospace !important; min-height: auto !important;"><span style="font-size: 14px;">&nbsp;&nbsp;&nbsp;$(</span></code><code class="javascript string" style="font-size: 12px; white-space: pre-wrap; line-height: 1.8em !important; margin: 0px !important; padding: 0px !important; border-top-left-radius: 0px !important; border-top-right-radius: 0px !important; border-bottom-right-radius: 0px !important; border-bottom-left-radius: 0px !important; background-image: none !important; border: 0px !important; bottom: auto !important; float: none !important; height: auto !important; left: auto !important; outline: 0px !important; overflow: visible !important; position: static !important; right: auto !important; top: auto !important; vertical-align: baseline !important; width: auto !important; box-sizing: content-box !important; font-family: Consolas, &#39;Bitstream Vera Sans Mono&#39;, &#39;Courier New&#39;, Courier, monospace !important; min-height: auto !important; color: blue !important;"><span style="font-size: 14px;">&#39;a&#39;</span></code><code class="javascript plain" style="font-size: 12px; white-space: pre-wrap; line-height: 1.8em !important; margin: 0px !important; padding: 0px !important; border-top-left-radius: 0px !important; border-top-right-radius: 0px !important; border-bottom-right-radius: 0px !important; border-bottom-left-radius: 0px !important; background-image: none !important; border: 0px !important; bottom: auto !important; float: none !important; height: auto !important; left: auto !important; outline: 0px !important; overflow: visible !important; position: static !important; right: auto !important; top: auto !important; vertical-align: baseline !important; width: auto !important; box-sizing: content-box !important; font-family: Consolas, &#39;Bitstream Vera Sans Mono&#39;, &#39;Courier New&#39;, Courier, monospace !important; min-height: auto !important;"><span style="font-size: 14px;">).live(</span></code><code class="javascript string" style="font-size: 12px; white-space: pre-wrap; line-height: 1.8em !important; margin: 0px !important; padding: 0px !important; border-top-left-radius: 0px !important; border-top-right-radius: 0px !important; border-bottom-right-radius: 0px !important; border-bottom-left-radius: 0px !important; background-image: none !important; border: 0px !important; bottom: auto !important; float: none !important; height: auto !important; left: auto !important; outline: 0px !important; overflow: visible !important; position: static !important; right: auto !important; top: auto !important; vertical-align: baseline !important; width: auto !important; box-sizing: content-box !important; font-family: Consolas, &#39;Bitstream Vera Sans Mono&#39;, &#39;Courier New&#39;, Courier, monospace !important; min-height: auto !important; color: blue !important;"><span style="font-size: 14px;">&#39;click&#39;</span></code><code class="javascript plain" style="font-size: 12px; white-space: pre-wrap; line-height: 1.8em !important; margin: 0px !important; padding: 0px !important; border-top-left-radius: 0px !important; border-top-right-radius: 0px !important; border-bottom-right-radius: 0px !important; border-bottom-left-radius: 0px !important; background-image: none !important; border: 0px !important; bottom: auto !important; float: none !important; height: auto !important; left: auto !important; outline: 0px !important; overflow: visible !important; position: static !important; right: auto !important; top: auto !important; vertical-align: baseline !important; width: auto !important; box-sizing: content-box !important; font-family: Consolas, &#39;Bitstream Vera Sans Mono&#39;, &#39;Courier New&#39;, Courier, monospace !important; min-height: auto !important;"><span style="font-size: 14px;">, </span></code><code class="javascript keyword" style="font-size: 12px; white-space: pre-wrap; line-height: 1.8em !important; margin: 0px !important; padding: 0px !important; border-top-left-radius: 0px !important; border-top-right-radius: 0px !important; border-bottom-right-radius: 0px !important; border-bottom-left-radius: 0px !important; background-image: none !important; border: 0px !important; bottom: auto !important; float: none !important; height: auto !important; left: auto !important; outline: 0px !important; overflow: visible !important; position: static !important; right: auto !important; top: auto !important; vertical-align: baseline !important; width: auto !important; box-sizing: content-box !important; font-family: Consolas, &#39;Bitstream Vera Sans Mono&#39;, &#39;Courier New&#39;, Courier, monospace !important; min-height: auto !important; color: rgb(0, 0, 255) !important;"><span style="font-size: 14px;">function</span></code><code class="javascript plain" style="font-size: 12px; white-space: pre-wrap; line-height: 1.8em !important; margin: 0px !important; padding: 0px !important; border-top-left-radius: 0px !important; border-top-right-radius: 0px !important; border-bottom-right-radius: 0px !important; border-bottom-left-radius: 0px !important; background-image: none !important; border: 0px !important; bottom: auto !important; float: none !important; height: auto !important; left: auto !important; outline: 0px !important; overflow: visible !important; position: static !important; right: auto !important; top: auto !important; vertical-align: baseline !important; width: auto !important; box-sizing: content-box !important; font-family: Consolas, &#39;Bitstream Vera Sans Mono&#39;, &#39;Courier New&#39;, Courier, monospace !important; min-height: auto !important;"><span style="font-size: 14px;">() { blah() });</span></code></strong></strong></span></p><p style="margin: 10px auto; white-space: normal; padding: 0px; font-size: 14px; orphans: 2; widows: 2; line-height: 1.75em;"><span style="font-size: 16px;"><strong><strong style="font-family: verdana, Arial, Helvetica, sans-serif; line-height: 21px;"><code class="javascript plain" style="font-size: 12px; white-space: pre-wrap; line-height: 1.8em !important; margin: 0px !important; padding: 0px !important; border-top-left-radius: 0px !important; border-top-right-radius: 0px !important; border-bottom-right-radius: 0px !important; border-bottom-left-radius: 0px !important; background-image: none !important; border: 0px !important; bottom: auto !important; float: none !important; height: auto !important; left: auto !important; outline: 0px !important; overflow: visible !important; position: static !important; right: auto !important; top: auto !important; vertical-align: baseline !important; width: auto !important; box-sizing: content-box !important; font-family: Consolas, &#39;Bitstream Vera Sans Mono&#39;, &#39;Courier New&#39;, Courier, monospace !important; min-height: auto !important;"><span style="font-size: 14px; color: rgb(0, 130, 0); background-color: rgb(255, 255, 255);">&nbsp;&nbsp;&nbsp;// or</span></code></strong></strong></span></p><p style="margin: 10px auto; white-space: normal; padding: 0px; font-size: 14px; orphans: 2; widows: 2; line-height: 1.75em;"><span style="font-size: 16px;"><strong><strong style="font-family: verdana, Arial, Helvetica, sans-serif; line-height: 21px;"></strong></strong></span></p><p style="white-space: normal; line-height: 1.75em;"><code class="javascript plain" style="font-size: 12px; orphans: 2; widows: 2; white-space: pre-wrap; line-height: 1.8em !important; margin: 0px !important; padding: 0px !important; border-top-left-radius: 0px !important; border-top-right-radius: 0px !important; border-bottom-right-radius: 0px !important; border-bottom-left-radius: 0px !important; background-image: none !important; border: 0px !important; bottom: auto !important; float: none !important; height: auto !important; left: auto !important; outline: 0px !important; overflow: visible !important; position: static !important; right: auto !important; top: auto !important; vertical-align: baseline !important; width: auto !important; box-sizing: content-box !important; font-family: Consolas, &#39;Bitstream Vera Sans Mono&#39;, &#39;Courier New&#39;, Courier, monospace !important; min-height: auto !important;"><span style="font-size: 14px;">&nbsp;&nbsp;&nbsp;$(document).delegate(</span></code><code class="javascript string" style="font-size: 12px; orphans: 2; widows: 2; white-space: pre-wrap; line-height: 1.8em !important; margin: 0px !important; padding: 0px !important; border-top-left-radius: 0px !important; border-top-right-radius: 0px !important; border-bottom-right-radius: 0px !important; border-bottom-left-radius: 0px !important; background-image: none !important; border: 0px !important; bottom: auto !important; float: none !important; height: auto !important; left: auto !important; outline: 0px !important; overflow: visible !important; position: static !important; right: auto !important; top: auto !important; vertical-align: baseline !important; width: auto !important; box-sizing: content-box !important; font-family: Consolas, &#39;Bitstream Vera Sans Mono&#39;, &#39;Courier New&#39;, Courier, monospace !important; min-height: auto !important; color: blue !important;"><span style="font-size: 14px;">&#39;a&#39;</span></code><code class="javascript plain" style="font-size: 12px; orphans: 2; widows: 2; white-space: pre-wrap; line-height: 1.8em !important; margin: 0px !important; padding: 0px !important; border-top-left-radius: 0px !important; border-top-right-radius: 0px !important; border-bottom-right-radius: 0px !important; border-bottom-left-radius: 0px !important; background-image: none !important; border: 0px !important; bottom: auto !important; float: none !important; height: auto !important; left: auto !important; outline: 0px !important; overflow: visible !important; position: static !important; right: auto !important; top: auto !important; vertical-align: baseline !important; width: auto !important; box-sizing: content-box !important; font-family: Consolas, &#39;Bitstream Vera Sans Mono&#39;, &#39;Courier New&#39;, Courier, monospace !important; min-height: auto !important;"><span style="font-size: 14px;">, </span></code><code class="javascript string" style="font-size: 12px; orphans: 2; widows: 2; white-space: pre-wrap; line-height: 1.8em !important; margin: 0px !important; padding: 0px !important; border-top-left-radius: 0px !important; border-top-right-radius: 0px !important; border-bottom-right-radius: 0px !important; border-bottom-left-radius: 0px !important; background-image: none !important; border: 0px !important; bottom: auto !important; float: none !important; height: auto !important; left: auto !important; outline: 0px !important; overflow: visible !important; position: static !important; right: auto !important; top: auto !important; vertical-align: baseline !important; width: auto !important; box-sizing: content-box !important; font-family: Consolas, &#39;Bitstream Vera Sans Mono&#39;, &#39;Courier New&#39;, Courier, monospace !important; min-height: auto !important; color: blue !important;"><span style="font-size: 14px;">&#39;click&#39;</span></code><code class="javascript plain" style="font-size: 12px; orphans: 2; widows: 2; white-space: pre-wrap; line-height: 1.8em !important; margin: 0px !important; padding: 0px !important; border-top-left-radius: 0px !important; border-top-right-radius: 0px !important; border-bottom-right-radius: 0px !important; border-bottom-left-radius: 0px !important; background-image: none !important; border: 0px !important; bottom: auto !important; float: none !important; height: auto !important; left: auto !important; outline: 0px !important; overflow: visible !important; position: static !important; right: auto !important; top: auto !important; vertical-align: baseline !important; width: auto !important; box-sizing: content-box !important; font-family: Consolas, &#39;Bitstream Vera Sans Mono&#39;, &#39;Courier New&#39;, Courier, monospace !important; min-height: auto !important;"><span style="font-size: 14px;">, </span></code><code class="javascript keyword" style="font-size: 12px; orphans: 2; widows: 2; white-space: pre-wrap; line-height: 1.8em !important; margin: 0px !important; padding: 0px !important; border-top-left-radius: 0px !important; border-top-right-radius: 0px !important; border-bottom-right-radius: 0px !important; border-bottom-left-radius: 0px !important; background-image: none !important; border: 0px !important; bottom: auto !important; float: none !important; height: auto !important; left: auto !important; outline: 0px !important; overflow: visible !important; position: static !important; right: auto !important; top: auto !important; vertical-align: baseline !important; width: auto !important; box-sizing: content-box !important; font-family: Consolas, &#39;Bitstream Vera Sans Mono&#39;, &#39;Courier New&#39;, Courier, monospace !important; min-height: auto !important; color: rgb(0, 0, 255) !important;"><span style="font-size: 14px;">function</span></code><code class="javascript plain" style="font-size: 12px; orphans: 2; widows: 2; white-space: pre-wrap; line-height: 1.8em !important; margin: 0px !important; padding: 0px !important; border-top-left-radius: 0px !important; border-top-right-radius: 0px !important; border-bottom-right-radius: 0px !important; border-bottom-left-radius: 0px !important; background-image: none !important; border: 0px !important; bottom: auto !important; float: none !important; height: auto !important; left: auto !important; outline: 0px !important; overflow: visible !important; position: static !important; right: auto !important; top: auto !important; vertical-align: baseline !important; width: auto !important; box-sizing: content-box !important; font-family: Consolas, &#39;Bitstream Vera Sans Mono&#39;, &#39;Courier New&#39;, Courier, monospace !important; min-height: auto !important;"><span style="font-size: 14px;">() { blah() });</span></code><br/></p><p style="margin: 10px auto; white-space: normal; padding: 0px; font-size: 14px; orphans: 2; widows: 2; line-height: 1.75em;"><span style="font-size: 16px;"><strong><strong style="font-family: verdana, Arial, Helvetica, sans-serif; line-height: 21px;"></strong></strong></span></p><p style="margin: 10px auto; white-space: normal; padding: 0px; font-family: verdana, Arial, Helvetica, sans-serif; font-size: 14px; line-height: 1.75em; orphans: 2; widows: 2;">&nbsp;&nbsp;&nbsp;&nbsp;Query扫描文档找到 $(‘#container’)，绑定处理函数到他的 click 事件，’a’ css选择器作为函数的参数。当有事件冒泡到 $(‘#container’)，检查事件是不是 click，并检查target element是不是匹配css选择器，如果两者都符合，执行函数。</p><p style="margin: 10px auto; white-space: normal; padding: 0px; font-family: verdana, Arial, Helvetica, sans-serif; font-size: 14px; line-height: 1.75em; orphans: 2; widows: 2;">&nbsp;&nbsp;&nbsp;&nbsp;注意：这次和 .live() 方法很相似，除了把事件绑定到特定元素与跟元素的区别。精明的JS’er 或许会总结成 $(‘a’).live() == $(document).delegate(‘a’)，真的是这样吗？ 不，不全是。</p><p style="white-space: normal; line-height: 1.75em;"><code class="javascript plain" style="font-size: 12px; orphans: 2; widows: 2; white-space: pre-wrap; line-height: 1.8em !important; margin: 0px !important; padding: 0px !important; border-top-left-radius: 0px !important; border-top-right-radius: 0px !important; border-bottom-right-radius: 0px !important; border-bottom-left-radius: 0px !important; background-image: none !important; border: 0px !important; bottom: auto !important; float: none !important; height: auto !important; left: auto !important; outline: 0px !important; overflow: visible !important; position: static !important; right: auto !important; top: auto !important; vertical-align: baseline !important; width: auto !important; box-sizing: content-box !important; font-family: Consolas, &#39;Bitstream Vera Sans Mono&#39;, &#39;Courier New&#39;, Courier, monospace !important; min-height: auto !important;"></code></p><p style="white-space: normal; line-height: 1.75em;"><code class="javascript plain" style="font-size: 12px; orphans: 2; widows: 2; white-space: pre-wrap; line-height: 1.8em !important; margin: 0px !important; padding: 0px !important; border-top-left-radius: 0px !important; border-top-right-radius: 0px !important; border-bottom-right-radius: 0px !important; border-bottom-left-radius: 0px !important; background-image: none !important; border: 0px !important; bottom: auto !important; float: none !important; height: auto !important; left: auto !important; outline: 0px !important; overflow: visible !important; position: static !important; right: auto !important; top: auto !important; vertical-align: baseline !important; width: auto !important; box-sizing: content-box !important; font-family: Consolas, &#39;Bitstream Vera Sans Mono&#39;, &#39;Courier New&#39;, Courier, monospace !important; min-height: auto !important;"></code></p><p style="margin: 10px auto; white-space: normal; padding: 0px; font-family: verdana, Arial, Helvetica, sans-serif; font-size: 14px; line-height: 1.75em; orphans: 2; widows: 2;"><span style="font-size: 16px; color: rgb(84, 141, 212);"><strong>速度</strong></span></p><p style="margin: 10px auto; white-space: normal; padding: 0px; font-family: verdana, Arial, Helvetica, sans-serif; font-size: 14px; line-height: 1.75em; orphans: 2; widows: 2;">&nbsp;&nbsp;&nbsp;&nbsp;上面第二个执行比第一个快，因为第一个会遍历整个文档查找 $(‘a’) 元素，并保存为jQuery对象，但是live方法只需要传一个字符串参数’a&#39;而已，$() 方法并不知道我们会用链式表达式在后面用上.live()。</p><p style="margin: 10px auto; white-space: normal; padding: 0px; font-family: verdana, Arial, Helvetica, sans-serif; font-size: 14px; line-height: 1.75em; orphans: 2; widows: 2;">delegate 方法就只需要找到并存贮 $(document)元素就够了。</p><p style="margin: 10px auto; white-space: normal; padding: 0px; font-family: verdana, Arial, Helvetica, sans-serif; font-size: 14px; line-height: 1.75em; orphans: 2; widows: 2;"><span style="font-size: 16px; color: rgb(84, 141, 212);"><strong>灵活性和链式语言</strong></span></p><p style="white-space: normal; line-height: 1.75em;"><strong style="margin: 0px; padding: 0px;"><span style="margin: 0px; padding: 0px; color: rgb(0, 128, 0);"><code class="javascript plain" style="line-height: 21.59375px; font-size: 12px; white-space: pre-wrap; orphans: 2; widows: 2; margin: 0px !important; padding: 0px !important; border-top-left-radius: 0px !important; border-top-right-radius: 0px !important; border-bottom-right-radius: 0px !important; border-bottom-left-radius: 0px !important; background-image: none !important; border: 0px !important; bottom: auto !important; float: none !important; height: auto !important; left: auto !important; outline: 0px !important; overflow: visible !important; position: static !important; right: auto !important; top: auto !important; vertical-align: baseline !important; width: auto !important; box-sizing: content-box !important; font-family: Consolas, &#39;Bitstream Vera Sans Mono&#39;, &#39;Courier New&#39;, Courier, monospace !important; min-height: auto !important;"></code></span></strong></p><p style="margin: 10px auto; white-space: normal; padding: 0px; font-family: verdana, Arial, Helvetica, sans-serif; font-size: 14px; line-height: 1.75em; orphans: 2; widows: 2;">&nbsp;&nbsp;&nbsp;&nbsp;这方面live方法依然令人费解。想一下，它链在$(‘a’)对象，但实际上是在$(document)对象起作用。因为这个原因，在链式表达式中使用live让人很不安，我觉得live方法变成一个全局的jQuery方法 $.live(‘a’,…) 会更有意义。</p><p style="margin: 10px auto; white-space: normal; padding: 0px; font-family: verdana, Arial, Helvetica, sans-serif; font-size: 14px; line-height: 1.75em; orphans: 2; widows: 2;"><span style="font-size: 16px; color: rgb(84, 141, 212);"><strong>只支持css选择器</strong></span></p><p style="margin: 10px auto; white-space: normal; padding: 0px; font-family: verdana, Arial, Helvetica, sans-serif; font-size: 14px; line-height: 1.75em; orphans: 2; widows: 2;">&nbsp;&nbsp;&nbsp;&nbsp;最后，live方法有一个最大的缺点，只能用css选择器，用起来很不方便。</p><p style="margin: 10px auto; white-space: normal; padding: 0px; font-family: verdana, Arial, Helvetica, sans-serif; font-size: 14px; line-height: 1.75em; orphans: 2; widows: 2;"><br/></p>', 1386143432, 1386222319, 34, 1, 'http://www.cnblogs.com/dumuqiao/archive/2011/09/09/2172511.html', 50, 'jQuery三种事件绑定方式.bind(),.live(),.delegate()区别', 1);
INSERT INTO `t_article` (`arcid`, `username`, `property`, `pic`, `colid`, `keyword`, `description`, `content`, `createtime`, `updatetime`, `click`, `mid`, `source`, `ord`, `title`, `ischeck`) VALUES
(4, 'admin', 'c', 'http://www.9aipay.com/Public/ueditor/php/upload1/20131204/13861652703307.png', 5, '统计工具,云推送,对外分享', '在建站的时候，我们最想看到的是到底自己的网站有多少人在关注和使用，他们关注的焦点是啥，我们的网站到底有多大的流量，或者说网站有多大收益的潜力，有多大的被关注度，网站有没有达到我们预期的目标，今后我们更应该从哪个角度去努力，网站才会更好流量更大，这时候我们需要借助第三方的数据统计工具，实时的监控网站的流量，关注用户的动态。', '<p style="line-height: 1.5em;">&nbsp;&nbsp;&nbsp;&nbsp;<span style="font-size: 14px;">在建站的时候，我们最想看到的是到底自己的网站有多少人在关注和使用，他们关注的焦点是啥，我们的网站到底有多大的流量，或者说网站有多大收益的潜力，有多大的被关注度，网站有没有达到我们预期的目标，今后我们更应该从哪个角度去努力，网站才会更好流量更大，这时候我们需要借助第三方的数据统计工具，实时的监控网站的流量，关注用户的动态。</span></p><p>&nbsp;&nbsp;&nbsp;&nbsp;在这里，我推荐使用两款数据统计工具：<a href="http://tongji.baidu.com/" target="_blank" title="百度数据统计" style="color: rgb(84, 141, 212); text-decoration: underline;"><em><span style="color: rgb(84, 141, 212);">百度数据统计</span></em></a>和<a href="http://quanjing.cnzz.com/" target="_blank" title="全景统计" style="color: rgb(84, 141, 212); text-decoration: underline;"><em><span style="color: rgb(84, 141, 212);">CNZZ</span></em></a>。两者都是相当成熟的数据分析网站。<br/></p><p>&nbsp;&nbsp; &nbsp;步骤一般都是：注册-&gt;添加站点-&gt;获取并安装代码-&gt;查看流量。都是很简单的步骤。</p><p>&nbsp; &nbsp; 安装之后，就能方看到并下载流量信息，同时还能修改统计的配置或者调用接口，可以三维立体的分析网站流量信息。<br/></p><p>&nbsp;&nbsp;&nbsp;&nbsp;<br/></p><p>&nbsp; &nbsp; 安装步骤以CNZZ为例：<br/></p><p><span style="color: rgb(51, 51, 51); font-family: &#39;Helvetica Neue&#39;, 微软雅黑, 宋体, arial; font-size: 12px; line-height: 2px; background-color: rgb(255, 255, 255);">　</span><span style="color: rgb(51, 51, 51); font-family: &#39;Helvetica Neue&#39;, 微软雅黑, 宋体, arial; font-size: 12px; line-height: 2px; background-color: rgb(255, 255, 255);"></span></p><p style="margin-bottom: 0px; padding: 0px; line-height: 24px; font-family: &#39;Helvetica Neue&#39;, 微软雅黑, 宋体, arial; font-size: 12px; white-space: normal; background-color: rgb(255, 255, 255); color: rgb(255, 0, 0);">说明：本文对站长统计用户、全景统计用户均适用。</p><p style="margin-bottom: 0px; padding: 0px; line-height: 24px; color: rgb(51, 51, 51); font-family: &#39;Helvetica Neue&#39;, 微软雅黑, 宋体, arial; font-size: 12px; white-space: normal; background-color: rgb(255, 255, 255); text-indent: 24px;">作为一款高效、稳定、安全、专业的网站流量统计和分析服务系统，CNZZ统计的使用也十分简单方便，按照以下流程一分钟立即上手：</p><p style="margin-top: 0px; margin-bottom: 0px; padding: 0px; line-height: 24px; color: rgb(51, 51, 51); font-family: &#39;Helvetica Neue&#39;, 微软雅黑, 宋体, arial; font-size: 12px; white-space: normal; background-color: rgb(255, 255, 255); text-indent: 24px;"><strong><a href="http://help.cnzz.com/support/kuaisuanzhuangdaima/2013/0829/7.html#register" style="text-decoration: initial; cursor: pointer; outline: none; color: rgb(40, 108, 166);">免费注册CNZZ帐户</a>-&gt;<a href="http://help.cnzz.com/support/kuaisuanzhuangdaima/2013/0829/7.html#add_site" style="text-decoration: initial; cursor: pointer; outline: none; color: rgb(40, 108, 166);">添加站点</a>-&gt;<a href="http://help.cnzz.com/support/kuaisuanzhuangdaima/2013/0829/7.html#get_code" style="text-decoration: initial; cursor: pointer; outline: none; color: rgb(40, 108, 166);">获取并安装代码</a>-&gt;<a href="http://help.cnzz.com/support/kuaisuanzhuangdaima/2013/0829/7.html#traffic_analysis" style="text-decoration: initial; cursor: pointer; outline: none; color: rgb(40, 108, 166);">正确安装后查看数据</a></strong></p><p id="register" style="margin-bottom: 0px; padding: 0px; line-height: 24px; color: rgb(51, 51, 51); font-family: &#39;Helvetica Neue&#39;, 微软雅黑, 宋体, arial; font-size: 12px; white-space: normal; background-color: rgb(255, 255, 255);"><strong>第一步：新手免费注册CNZZ帐户</strong></p><p style="margin-top: 0px; margin-bottom: 0px; padding: 0px; line-height: 24px; color: rgb(51, 51, 51); font-family: &#39;Helvetica Neue&#39;, 微软雅黑, 宋体, arial; font-size: 12px; white-space: normal; background-color: rgb(255, 255, 255);"><span class="item" style="margin-right: 16px;">●</span>注册站长统计：CNZZ官网（<a href="http://www.cnzz.com/" target="_blank" style="text-decoration: initial; cursor: pointer; outline: none; color: rgb(40, 108, 166);">http://www.cnzz.com</a>）或站长统计（<a href="http://zhanzhang.cnzz.com/" target="_blank" style="text-decoration: initial; cursor: pointer; outline: none; color: rgb(40, 108, 166);">http://zhanzhang.cnzz.com</a>）点击“免费注册”按钮-&gt;填写帐户信息提交即可。</p><p style="margin-top: 0px; margin-bottom: 0px; padding: 0px; line-height: 24px; color: rgb(51, 51, 51); font-family: &#39;Helvetica Neue&#39;, 微软雅黑, 宋体, arial; font-size: 12px; white-space: normal; background-color: rgb(255, 255, 255);"><span class="item" style="margin-right: 16px;">●</span>注册全景统计：全景官网（<a href="http://quanjing.cnzz.com/" target="_blank" style="text-decoration: initial; cursor: pointer; outline: none; color: rgb(40, 108, 166);">http://quanjing.cnzz.com</a>）点击“立即注册”按钮-&gt;填写帐户信息提交即可。</p><p style="margin-top: 0px; margin-bottom: 0px; padding: 0px; line-height: 24px; color: rgb(51, 51, 51); font-family: &#39;Helvetica Neue&#39;, 微软雅黑, 宋体, arial; font-size: 12px; white-space: normal; background-color: rgb(255, 255, 255);"><img src="http://www.9aipay.com/Public/ueditor/php/upload/67761386167237.jpg" style="border: 0px; width: 600px; margin: 5px 0px 15px; height: 270px;" width="600" height="270" border="0" hspace="0" vspace="0" title=""/></p><p id="add_site" style="margin-bottom: 0px; padding: 0px; line-height: 24px; color: rgb(51, 51, 51); font-family: &#39;Helvetica Neue&#39;, 微软雅黑, 宋体, arial; font-size: 12px; white-space: normal; background-color: rgb(255, 255, 255);"><strong>第二步：添加站点</strong>（<span class="attention" style="color: rgb(255, 0, 0);">以下步骤站长统计与全景统计完全相同，本文以站长统计截图说明</span>）</p><p style="margin-top: 0px; margin-bottom: 0px; padding: 0px; line-height: 24px; color: rgb(51, 51, 51); font-family: &#39;Helvetica Neue&#39;, 微软雅黑, 宋体, arial; font-size: 12px; white-space: normal; background-color: rgb(255, 255, 255);"><span class="num" style="margin-right: 4px;">1、</span>新注册的CNZZ帐户，会直接来到【添加站点】页面：</p><p style="margin-top: 0px; margin-bottom: 0px; padding: 0px; line-height: 24px; color: rgb(51, 51, 51); font-family: &#39;Helvetica Neue&#39;, 微软雅黑, 宋体, arial; font-size: 12px; white-space: normal; background-color: rgb(255, 255, 255);"><img src="http://www.9aipay.com/Public/ueditor/php/upload/53201386167237.jpg" style="border: 0px; width: 600px; margin: 5px 0px 15px; height: 302px;" width="600" height="302" border="0" hspace="0" vspace="0" title=""/></p><p class="ind_2" style="margin-top: 0px; margin-bottom: 0px; padding: 0px; line-height: 24px; text-indent: 24px; color: rgb(51, 51, 51); font-family: &#39;Helvetica Neue&#39;, 微软雅黑, 宋体, arial; font-size: 12px; white-space: normal; background-color: rgb(255, 255, 255);">如果您已关闭该页面，可在登录<a href="http://zhanzhang.cnzz.com/" target="_blank" style="text-decoration: initial; cursor: pointer; outline: none; color: rgb(40, 108, 166);">站长统计</a>（或<a href="http://quanjing.cnzz.com/" target="_blank" style="text-decoration: initial; cursor: pointer; outline: none; color: rgb(40, 108, 166);">全景统计</a>）之后，点击【站点列表】右上角的“添加统计站点”：</p><p style="margin-top: 0px; margin-bottom: 0px; padding: 0px; line-height: 24px; color: rgb(51, 51, 51); font-family: &#39;Helvetica Neue&#39;, 微软雅黑, 宋体, arial; font-size: 12px; white-space: normal; background-color: rgb(255, 255, 255);"><img src="http://www.9aipay.com/Public/ueditor/php/upload/99951386167237.jpg" style="border: 0px; width: 600px; margin: 5px 0px 15px; height: 142px;" width="600" height="142" border="0" hspace="0" vspace="0" title=""/></p><p style="margin-top: 0px; margin-bottom: 0px; padding: 0px; line-height: 24px; color: rgb(51, 51, 51); font-family: &#39;Helvetica Neue&#39;, 微软雅黑, 宋体, arial; font-size: 12px; white-space: normal; background-color: rgb(255, 255, 255);"><span class="num" style="margin-right: 4px;">2、</span>输入网站“名称”“首页”“域名”等信息，点击“确认添加”：</p><p style="margin-top: 0px; margin-bottom: 0px; padding: 0px; line-height: 24px; color: rgb(51, 51, 51); font-family: &#39;Helvetica Neue&#39;, 微软雅黑, 宋体, arial; font-size: 12px; white-space: normal; background-color: rgb(255, 255, 255);"><img src="http://www.9aipay.com/Public/ueditor/php/upload/15371386167237.jpg" style="border: 0px; width: 600px; margin: 5px 0px 15px; height: 347px;" width="600" height="347" border="0" hspace="0" vspace="0" title=""/></p><p class="ind_2" style="margin-top: 0px; margin-bottom: 0px; padding: 0px; line-height: 24px; text-indent: 24px; color: rgb(51, 51, 51); font-family: &#39;Helvetica Neue&#39;, 微软雅黑, 宋体, arial; font-size: 12px; white-space: normal; background-color: rgb(255, 255, 255);"><span class="attention_imp" style="color: rgb(255, 0, 0); font-weight: bold;">特别提醒：</span>“网站域名”必须填写您网站的真实域名，否则可能导致统计不到数据。</p><p id="get_code" style="margin-bottom: 0px; padding: 0px; line-height: 24px; color: rgb(51, 51, 51); font-family: &#39;Helvetica Neue&#39;, 微软雅黑, 宋体, arial; font-size: 12px; white-space: normal; background-color: rgb(255, 255, 255);"><strong>第三步：获取并安装代码</strong></p><p style="margin-top: 0px; margin-bottom: 0px; padding: 0px; line-height: 24px; color: rgb(51, 51, 51); font-family: &#39;Helvetica Neue&#39;, 微软雅黑, 宋体, arial; font-size: 12px; white-space: normal; background-color: rgb(255, 255, 255);"><span class="num" style="margin-right: 4px;">1、</span>新添加的站点，会直接来到【获取统计代码】页面，选择一种您喜欢的统计图标样式，将代码复制下来（样式不影响统计数据）：</p><p style="margin-top: 0px; margin-bottom: 0px; padding: 0px; line-height: 24px; color: rgb(51, 51, 51); font-family: &#39;Helvetica Neue&#39;, 微软雅黑, 宋体, arial; font-size: 12px; white-space: normal; background-color: rgb(255, 255, 255);"><img src="http://www.9aipay.com/Public/ueditor/php/upload/37491386167237.jpg" style="border: 0px; width: 600px; margin: 5px 0px 15px; height: 328px;" width="600" height="328" border="0" hspace="0" vspace="0" title=""/></p><p class="ind_2" style="margin-top: 0px; margin-bottom: 0px; padding: 0px; line-height: 24px; text-indent: 24px; color: rgb(51, 51, 51); font-family: &#39;Helvetica Neue&#39;, 微软雅黑, 宋体, arial; font-size: 12px; white-space: normal; background-color: rgb(255, 255, 255);">如果您已关闭该页面，也可以通过【站点列表】-【统计代码】按钮，抵达该页面：</p><p style="margin-top: 0px; margin-bottom: 0px; padding: 0px; line-height: 24px; color: rgb(51, 51, 51); font-family: &#39;Helvetica Neue&#39;, 微软雅黑, 宋体, arial; font-size: 12px; white-space: normal; background-color: rgb(255, 255, 255);"><img src="http://www.9aipay.com/Public/ueditor/php/upload/17111386167237.jpg" style="border: 0px; width: 600px; margin: 5px 0px 15px; height: 142px;" width="600" height="142" border="0" hspace="0" vspace="0" title=""/></p><p style="margin-top: 0px; margin-bottom: 0px; padding: 0px; line-height: 24px; color: rgb(51, 51, 51); font-family: &#39;Helvetica Neue&#39;, 微软雅黑, 宋体, arial; font-size: 12px; white-space: normal; background-color: rgb(255, 255, 255);"><span class="num" style="margin-right: 4px;">2、</span>将复制的代码放在您要跟踪的每个网页标记之前：</p><p style="margin-top: 0px; margin-bottom: 0px; padding: 0px; line-height: 24px; color: rgb(51, 51, 51); font-family: &#39;Helvetica Neue&#39;, 微软雅黑, 宋体, arial; font-size: 12px; white-space: normal; background-color: rgb(255, 255, 255);"><img src="http://www.9aipay.com/Public/ueditor/php/upload/38701386167237.jpg" style="border: 0px; width: 454px; margin: 5px 0px 15px;"/></p><p style="margin-top: 0px; margin-bottom: 0px; padding: 0px; line-height: 24px; color: rgb(51, 51, 51); font-family: &#39;Helvetica Neue&#39;, 微软雅黑, 宋体, arial; font-size: 12px; white-space: normal; background-color: rgb(255, 255, 255);"><span class="attention_imp" style="color: rgb(255, 0, 0); font-weight: bold;">特别提醒：</span></p><p style="margin-top: 0px; margin-bottom: 0px; padding: 0px; line-height: 24px; color: rgb(51, 51, 51); font-family: &#39;Helvetica Neue&#39;, 微软雅黑, 宋体, arial; font-size: 12px; white-space: normal; background-color: rgb(255, 255, 255);"><span class="item" style="margin-right: 16px;">●</span>如您要统计全站流量，则需所有页面均添加统计代码，因此建议使用包含模板的方式。</p><p style="margin-top: 0px; margin-bottom: 0px; padding: 0px; line-height: 24px; color: rgb(51, 51, 51); font-family: &#39;Helvetica Neue&#39;, 微软雅黑, 宋体, arial; font-size: 12px; white-space: normal; background-color: rgb(255, 255, 255);"><span class="item" style="margin-right: 16px;">●</span>为了保证统计数据的准确性，请将我们的统计代码放置在其它统计代码前面。</p><p style="margin-top: 0px; margin-bottom: 0px; padding: 0px; line-height: 24px; color: rgb(51, 51, 51); font-family: &#39;Helvetica Neue&#39;, 微软雅黑, 宋体, arial; font-size: 12px; white-space: normal; background-color: rgb(255, 255, 255);"><span class="item" style="margin-right: 16px;">●</span>在弹出窗口内或者嵌入IFRAME页内放统计代码将统计不到来路。</p><p id="traffic_analysis" style="margin-bottom: 0px; padding: 0px; line-height: 24px; color: rgb(51, 51, 51); font-family: &#39;Helvetica Neue&#39;, 微软雅黑, 宋体, arial; font-size: 12px; white-space: normal; background-color: rgb(255, 255, 255);"><strong>第四步：查看网站流量</strong></p><p class="ind_2" style="margin-top: 0px; margin-bottom: 0px; padding: 0px; line-height: 24px; text-indent: 24px; color: rgb(51, 51, 51); font-family: &#39;Helvetica Neue&#39;, 微软雅黑, 宋体, arial; font-size: 12px; white-space: normal; background-color: rgb(255, 255, 255);">如果您刚获取并安装了统计代码，直接点击左下角【进入统计报表】，查看网站流量：</p><p style="margin-top: 0px; margin-bottom: 0px; padding: 0px; line-height: 24px; color: rgb(51, 51, 51); font-family: &#39;Helvetica Neue&#39;, 微软雅黑, 宋体, arial; font-size: 12px; white-space: normal; background-color: rgb(255, 255, 255);"><img src="http://www.9aipay.com/Public/ueditor/php/upload/60111386167237.jpg" style="border: 0px; width: 600px; margin: 5px 0px 15px; height: 324px;" width="600" height="324" border="0" hspace="0" vspace="0" title=""/></p><p class="ind_2" style="margin-top: 0px; margin-bottom: 0px; padding: 0px; line-height: 24px; text-indent: 24px; color: rgb(51, 51, 51); font-family: &#39;Helvetica Neue&#39;, 微软雅黑, 宋体, arial; font-size: 12px; white-space: normal; background-color: rgb(255, 255, 255);">您也可以通过【站点列表】中目标站点右侧的【查看报表】按钮查看该网站的流量：</p><p style="margin-top: 0px; margin-bottom: 0px; padding: 0px; line-height: 24px; color: rgb(51, 51, 51); font-family: &#39;Helvetica Neue&#39;, 微软雅黑, 宋体, arial; font-size: 12px; white-space: normal; background-color: rgb(255, 255, 255);"><img src="http://www.9aipay.com/Public/ueditor/php/upload/84201386167237.jpg" style="border: 0px; width: 600px; margin: 5px 0px 15px; height: 142px;" width="600" height="142" border="0" hspace="0" vspace="0" title=""/></p><p style="margin-top: 0px; margin-bottom: 0px; padding: 0px; line-height: 24px; color: rgb(51, 51, 51); font-family: &#39;Helvetica Neue&#39;, 微软雅黑, 宋体, arial; font-size: 12px; white-space: normal; background-color: rgb(255, 255, 255);">&nbsp;&nbsp;&nbsp;&nbsp;&nbsp;百度安装也差不多，具体可访问地址：<a href="http://yingxiao.baidu.com/support/tongji/detail_2525.html" target="_self" title="http://yingxiao.baidu.com/support/tongji/detail_2525.html">http://yingxiao.baidu.com/support/tongji/detail_2525.html</a></p><p>&nbsp;&nbsp;&nbsp;&nbsp;同时百度最近推出了百度云推送，CNZZ也有自己云推送，通过云推送可以让网站内容更丰富。</p><p><br/></p><p><br/></p>', 1386165682, 1386222329, 38, 1, '未知', 50, '流量统计工具和推送功能', 1),
(5, 'admin', 'h', 'http://www.9aipay.com/Public/ueditor/php/upload1/20131205/13862166197841.png', 2, 'thinkphp,调用公共函数', '总结一下thinkphp调用公共函数方法，在thinkphp中，有很多函数很多处使用到，需要封装起来，作为公共函数，方便使用，这些函数放到合适的位置，会让你的开发更加灵活。', '<p style="white-space: normal; line-height: 1.5em;">&nbsp;&nbsp;&nbsp;&nbsp;首先，我们最熟悉的，在控制器中有这么几个调用的函数：$this-&gt;assign();$this-&gt;display();$thi-&gt;error();$this-&gt;success()等等；这几个函数是经常用的，怎么来的了？</p><p style="white-space: normal; line-height: 1.5em;">&nbsp;&nbsp;&nbsp;&nbsp;原来，工程中的控制器都继承的action类（核心文件Action.class.php），如图：<br/></p><p style="white-space: normal; line-height: 1.5em;">&nbsp;&nbsp;&nbsp;&nbsp;<img src="http://localhost/tangyongping/ruiblog/Public/ueditor/php/upload1/20131204/13861537022272.png"/></p><p style="white-space: normal; line-height: 1.5em;">&nbsp;&nbsp;&nbsp;&nbsp;这样，我们找到thinkphp的核心文件Action.class.php，发现里面还有很多内置函数：isAjax(),fetch(),buildHtml()，getActionName（）等等，这样我们可以在这个核心文件中加上公共函数，通过$this-&gt;函数名就能调用了。这种方式是不提倡的，核心文件Action.class.php不提倡添加用户自定义函数（特殊情况外），我们倒是可以再工程中建一个用户自定义的公共函数文件，控制器的类可以继承这个类，完成公共调用。</p><p style="white-space: normal; line-height: 1.5em;">&nbsp;&nbsp;&nbsp;&nbsp;<img src="http://localhost/tangyongping/ruiblog/Public/ueditor/php/upload1/20131205/13862123388087.png"/></p><p style="white-space: normal; line-height: 1.5em;">&nbsp;&nbsp;&nbsp;&nbsp;<img src="http://localhost/tangyongping/ruiblog/Public/ueditor/php/upload1/20131205/13862123673516.png"/></p><p style="white-space: normal; line-height: 1.5em;">&nbsp;&nbsp;&nbsp;&nbsp;其次，上面的方法可以解决在控制器中公共函数的调用，但是在模板中怎么去使用公共函数了。thinkphp工程中有一个common文件夹，这是用户自定义的全局函数，在common/common.php用户可以定义自己的公共函数（如getShort()）,在控制器中直接getshort（）就可以调用了（不需要$this-&gt;,$this-&gt;是类里面元素之间的调用），注意修改common文件需要清除项目中缓存文件。在模板中有多用使用方式：<br/></p><p style="white-space: normal; line-height: 1.5em;">&nbsp;&nbsp;&nbsp;&nbsp;<img src="http://localhost/tangyongping/ruiblog/Public/ueditor/php/upload1/20131205/13862130226971.png"/></p><p style="white-space: normal; line-height: 1.5em;">&nbsp;&nbsp;&nbsp;&nbsp;第1,2中是我们常见的，第三种方式视乎见的少，但是也是一种常见的方法。提示：大家应该经常用到{:U()}，{:W()}吧，其实这是两个全局函数，在核心文件View.class.php中，所有第三中调用调用方式应该就不难理解了，延伸到更多php内置的函数也是可以用的哟。<br/></p><p style="white-space: normal; line-height: 1.5em;">&nbsp;&nbsp;&nbsp;&nbsp;<img src="http://localhost/tangyongping/ruiblog/Public/ueditor/php/upload1/20131205/1386213362898.png"/></p><p style="white-space: normal; line-height: 1.5em;">&nbsp;&nbsp;&nbsp;&nbsp;到这里，大家觉得似乎对公共函数的调用已经够清晰了，但是咱们还会遇到一种情况，那就是在分组的时候，common/common.php需每个分组中都有，这样就感觉很麻烦了，如果有修改或者添加都必须都做一遍。有没有别的方法了？当然是有的。在thinkphp框架中，也有一个common文件夹，经过上面的大家应该知道它是来干嘛的了，没错这个是thinkphp的公共函数文件。我们的工程是建在thinkphp框架之上的，所以这个文件夹在每个项目分组中都能调用的到，所以我们可以在这里添加公共函数了（公共函数不能同名，负责会报错）。</p><p style="white-space: normal; line-height: 1.5em;">&nbsp;&nbsp;&nbsp;&nbsp;<img src="http://localhost/tangyongping/ruiblog/Public/ueditor/php/upload1/20131205/13862142622754.png"/></p><p style="white-space: normal; line-height: 1.5em;">&nbsp;&nbsp;&nbsp;&nbsp;低版本thinkphp把extend.php作为用户自定义公共函数文件，加载的框架的时候已经加载，高版本加载方法：找到thinkphp核心文件core/Think.class.php,修改加载<br/></p><p style="white-space: normal; line-height: 1.5em;">&nbsp;&nbsp;&nbsp;&nbsp;<img src="http://localhost/tangyongping/ruiblog/Public/ueditor/php/upload1/20131205/13862165141690.png"/></p><p style="white-space: normal; line-height: 1.5em;">&nbsp;&nbsp;&nbsp;&nbsp;删除项目中的缓存文件即可！<br/></p><p style="white-space: normal; line-height: 1.5em;"><br/></p><p style="white-space: normal; line-height: 1.5em;">&nbsp; &nbsp;&nbsp;</p>', 1386216664, 1386236643, 38, 1, '未知', 50, 'ThinkPhp设置调用公共函数', 1),
(6, 'admin', 'h', 'http://www.9aipay.com/Public/ueditor/php/upload1/20131205/13862367771020.png', 5, 'Ueditor,美图秀秀', '怎么将自己的网页内容更加丰富，做出一个文字，图片，视频，音频等丰富格式的页面了？有时候我们还想在里面添加一些应用，比如美图秀秀，计算器，动画，用什么方式最简单了？其实百度编辑器Ueditor可以帮助你做这一切。', '<p style="line-height: 1.5em;">&nbsp;&nbsp;&nbsp;&nbsp;<span style="font-size: 14px;">怎么将自己的网页内容更加丰富，做出一个文字，图片，视频，音频等丰富格式的页面了？有时候我们还想在里面添加一些应用，比如美图秀秀，计算器，动画，用什么方式最简单了？其实百度编辑器Ueditor可以帮助你做这一切。</span></p><p style="line-height: 1.5em;"><span style="font-size: 14px;">&nbsp;&nbsp;&nbsp;&nbsp;下面先上一个应用（考虑到带宽使用最简单的应用）</span>：</p><p style="line-height: 1.5em;">&nbsp;&nbsp;&nbsp;&nbsp;<iframe class="edui-faked-webapp" title="科学计算器" width="540" height="720" scrolling="no" frameborder="0" src="http://app.baidu.com/app/enter?appid=116526&tn=app_canvas&app_spce_id=1&apikey=FVnW3e8pPFTp5q8yTfWaYCSs&api_key=FVnW3e8pPFTp5q8yTfWaYCSs" logo_url="http://apps2.bdimg.com/store/static/kvt/a6a1761617d2332da161c5c6d459e3e7.jpg"></iframe></p><p style="line-height: 1.5em;">&nbsp;&nbsp;&nbsp;&nbsp;<span style="font-size: 14px;">简单，但是很实用，在百度应用中，我们还可以找到更多更好用的应用，比如美图秀秀，快递查询，斗地主等等。现在主要有游戏，阅读，工具，视频，生活，音乐等等分类，使用这些应用完全可以让网页更丰富，更实用。</span></p><p style="line-height: 1.5em;"><span style="font-size: 14px;">&nbsp;&nbsp;&nbsp;&nbsp;接下来，就是怎么使用啦。步骤：安装Ueditor-&gt;申请百度应用webAppKey-&gt;选择和添加百度应用；</span></p><p style="line-height: 1.5em;">&nbsp;&nbsp;&nbsp;&nbsp;<span style="font-size: 16px; color: rgb(84, 141, 212);"><strong>1、安装Ueditor</strong></span><br/></p><p style="line-height: 1.5em;">&nbsp; &nbsp; <span style="font-size: 14px;">官方网站</span><a href="http://ueditor.baidu.com/website/index.html" target="_blank" title="http://ueditor.baidu.com/website/index.html" style="font-size: 14px; text-decoration: underline;"><span style="font-size: 14px;">http://ueditor.baidu.com/website/index.html</span></a><span style="font-size: 14px;">，下载并安装，配置好。</span></p><p style="line-height: 1.5em;">&nbsp; &nbsp;&nbsp;<span style="font-size: 16px;"><strong style="color: rgb(84, 141, 212); line-height: 24px; white-space: normal;"><strong style="color: rgb(84, 141, 212); line-height: 24px; white-space: normal;">1、</strong><span style="line-height: 24px;">申请百度应用webAppKey</span></strong></span></p><p style="line-height: 1.5em;"><span style="font-size: 14px;">&nbsp;&nbsp;&nbsp;&nbsp;1,访问</span><a href="http://developer.baidu.com/" target="_blank" style="margin: 0px; padding: 0px; border: 0px; list-style: none; font-size: 14px;">http://developer.baidu.com/</a><span style="font-size: 14px;">，点击&quot;创建应用&quot;(如不是百度开发者，请先注册为百度开发者)</span></p><ol class="step list-paddingleft-2" style="list-style-type: none;"><li><p style="margin-top: 2px; padding: 0px; border: 0px; list-style: none; line-height: 1.5em;"><img src="http://www.9aipay.com/Public/ueditor/php/upload/84881386238405.jpg" style="margin: 0px; padding: 0px; border: 0px; list-style: none; width: 600px; height: 287px;" width="600" height="287" border="0" hspace="0" vspace="0" title=""/></p></li><li><p style="margin-top: 2px; padding: 0px; border: 0px; list-style: none; line-height: 1.5em;"><span style="font-size: 14px;">2,输入应用名称，比如“申请apikey”，点击“创建”按钮</span></p></li><li><p style="margin-top: 2px; padding: 0px; border: 0px; list-style: none; line-height: 1.5em;"><img src="http://www.9aipay.com/Public/ueditor/php/upload/76601386238405.jpg" style="margin: 0px; padding: 0px; border: 0px; list-style: none; width: 600px; height: 316px;" width="600" height="316" border="0" hspace="0" vspace="0" title=""/></p></li><li><p style="margin-top: 2px; padding: 0px; border: 0px; list-style: none; line-height: 1.5em;"><span style="font-size: 14px;">3,选择应用类型为”web应用“</span></p></li><li><p style="margin-top: 2px; padding: 0px; border: 0px; list-style: none; line-height: 1.5em;"><img src="http://www.9aipay.com/Public/ueditor/php/upload/65151386238405.jpg" style="margin: 0px; padding: 0px; border: 0px; list-style: none; width: 600px; height: 385px;" width="600" height="385" border="0" hspace="0" vspace="0" title=""/></p></li><li><p style="margin-top: 2px; padding: 0px; border: 0px; list-style: none; line-height: 1.5em;"><span style="font-size: 14px;">4,完善信息，保存好您的24位apikey，点击保存</span></p></li><li><p style="margin-top: 2px; padding: 0px; border: 0px; list-style: none; line-height: 1.5em;"><img src="http://www.9aipay.com/Public/ueditor/php/upload/83311386238405.jpg" style="margin: 0px; padding: 0px; border: 0px; list-style: none; width: 600px; height: 594px;" width="600" height="594" border="0" hspace="0" vspace="0" title=""/></p></li></ol><p style="line-height: 1.5em;"><span style="line-height: 24px; font-size: 14px;">&nbsp;&nbsp;&nbsp;&nbsp;&nbsp;<span style="line-height: 24px; font-size: 16px;"><span style="line-height: 24px; color: rgb(84, 141, 212);"><strong>3</strong></span><strong style="line-height: 24px; white-space: normal; color: rgb(84, 141, 212);">、<span style="line-height: 24px;">选择和添加百度应用</span></strong></span></span><br/></p><p style="line-height: 1.5em;">&nbsp;&nbsp;&nbsp;&nbsp;<span style="font-size: 14px;">点击右上应用按钮，选择应用</span><br/></p><p style="line-height: 1.5em;"><span style="font-size: 14px;">&nbsp;&nbsp;&nbsp;&nbsp;<img src="http://www.9aipay.com/Public/ueditor/php/upload/59001386238405.png" style="width: 600px; height: 444px;" width="600" height="444" border="0" hspace="0" vspace="0" title=""/></span></p><p style="line-height: 1.5em;"><span style="font-size: 14px;"><br/></span></p><p style="line-height: 1.5em;"><span style="font-size: 14px;"><br/></span></p><p style="line-height: 1.5em;"><span style="font-size: 14px;"><br/></span></p>', 1386238168, 1386239452, 47, 1, '未知', 50, 'Ueditor百度应用使用方法', 1);

-- --------------------------------------------------------

--
-- 表的结构 `t_columns`
--

CREATE TABLE IF NOT EXISTS `t_columns` (
  `colid` smallint(5) unsigned NOT NULL AUTO_INCREMENT,
  `mid` smallint(5) unsigned NOT NULL DEFAULT '0',
  `pid` smallint(5) unsigned NOT NULL DEFAULT '0',
  `isshow` tinyint(1) unsigned NOT NULL DEFAULT '1',
  `colname` varchar(100) NOT NULL DEFAULT '',
  `description` varchar(100) NOT NULL DEFAULT '',
  `keyword` varchar(100) NOT NULL DEFAULT '',
  `seo` varchar(100) NOT NULL DEFAULT '',
  `ord` tinyint(3) unsigned NOT NULL DEFAULT '0',
  PRIMARY KEY (`colid`),
  KEY `colindex` (`mid`)
) ENGINE=MyISAM  DEFAULT CHARSET=utf8 AUTO_INCREMENT=6 ;

--
-- 转存表中的数据 `t_columns`
--

INSERT INTO `t_columns` (`colid`, `mid`, `pid`, `isshow`, `colname`, `description`, `keyword`, `seo`, `ord`) VALUES
(1, 1, 0, 1, '博文', '', '', '', 90),
(2, 1, 0, 1, 'ThinkPHP', 'thinkphp', 'thinkphp', 'thinkphp', 50),
(3, 1, 0, 1, 'Jquery', 'jquery，js，脚本插件，语言技巧', 'jquery插件', 'jquery，脚本', 50),
(4, 1, 1, 1, '生活感悟', '', '', '', 50),
(5, 1, 0, 1, '工具和API', '开发用到的第三方工具，API接口，第三方应用', 'API接口,第三方', 'API接口,第三方应用', 50);

-- --------------------------------------------------------

--
-- 表的结构 `t_comment`
--

CREATE TABLE IF NOT EXISTS `t_comment` (
  `id` mediumint(8) unsigned NOT NULL AUTO_INCREMENT,
  `arcid` mediumint(8) unsigned NOT NULL DEFAULT '0',
  `colid` smallint(5) unsigned NOT NULL DEFAULT '0',
  `writer` varchar(30) NOT NULL DEFAULT '',
  `ip` varchar(20) NOT NULL DEFAULT '',
  `content` text NOT NULL,
  `isreply` tinyint(1) unsigned NOT NULL DEFAULT '0',
  `time` int(10) unsigned NOT NULL DEFAULT '0',
  `email` varchar(20) NOT NULL DEFAULT '',
  `ischeck` tinyint(1) NOT NULL DEFAULT '0',
  `pid` mediumint(8) NOT NULL DEFAULT '0',
  PRIMARY KEY (`id`),
  KEY `cntindex` (`arcid`)
) ENGINE=MyISAM  DEFAULT CHARSET=utf8 AUTO_INCREMENT=6 ;

--
-- 转存表中的数据 `t_comment`
--

INSERT INTO `t_comment` (`id`, `arcid`, `colid`, `writer`, `ip`, `content`, `isreply`, `time`, `email`, `ischeck`, `pid`) VALUES
(1, 1, 1, 'cc', '123.121.18.156', '1111', 0, 1385616984, 'cc@admin.com', 0, 0),
(2, 1, 1, 'ww', '101.232.179.65', 'dddd', 0, 1385896504, 'www@qq.com', 0, 0),
(3, 4, 5, '非哥', '123.121.15.171', '很好用啊', 0, 1386233450, 'fengge@163.com', 0, 0),
(4, 2, 1, '鲍鲍', '60.247.70.130', '赞~\\(≧▽≦)/~', 0, 1386745786, '1113138578@qq.com', 0, 0),
(5, 2, 1, '老婆大人', '119.80.62.82', '哈哈哈，雁南很捧场啊 ', 0, 1386746060, '898612852@qq.com', 0, 0);

-- --------------------------------------------------------

--
-- 表的结构 `t_feedback`
--

CREATE TABLE IF NOT EXISTS `t_feedback` (
  `id` mediumint(8) unsigned NOT NULL AUTO_INCREMENT,
  `writer` varchar(30) NOT NULL DEFAULT '',
  `ip` varchar(20) NOT NULL DEFAULT '',
  `content` text NOT NULL,
  `isreply` tinyint(1) unsigned NOT NULL DEFAULT '0',
  `time` int(10) unsigned NOT NULL DEFAULT '0',
  `email` varchar(20) NOT NULL DEFAULT '',
  `ischeck` tinyint(1) NOT NULL DEFAULT '0',
  `pid` mediumint(8) unsigned NOT NULL DEFAULT '0',
  PRIMARY KEY (`id`)
) ENGINE=MyISAM DEFAULT CHARSET=utf8 AUTO_INCREMENT=1 ;

-- --------------------------------------------------------

--
-- 表的结构 `t_links`
--

CREATE TABLE IF NOT EXISTS `t_links` (
  `id` smallint(8) unsigned NOT NULL AUTO_INCREMENT,
  `linktype` enum('writing','logo') NOT NULL DEFAULT 'writing',
  `url` varchar(60) NOT NULL DEFAULT '',
  `linkname` varchar(50) NOT NULL DEFAULT '',
  `ord` tinyint(3) unsigned NOT NULL DEFAULT '0',
  `logo` varchar(60) NOT NULL DEFAULT '',
  `remark` varchar(100) NOT NULL DEFAULT '',
  `email` varchar(20) NOT NULL DEFAULT '',
  `createtime` int(10) unsigned NOT NULL DEFAULT '0',
  `updatetime` int(10) unsigned NOT NULL DEFAULT '0',
  `ischeck` tinyint(1) unsigned NOT NULL DEFAULT '0',
  PRIMARY KEY (`id`)
) ENGINE=MyISAM  DEFAULT CHARSET=utf8 AUTO_INCREMENT=4 ;

--
-- 转存表中的数据 `t_links`
--

INSERT INTO `t_links` (`id`, `linktype`, `url`, `linkname`, `ord`, `logo`, `remark`, `email`, `createtime`, `updatetime`, `ischeck`) VALUES
(1, 'writing', 'http://baidu.com', '百度', 50, '', '百度', 'baudu@admin.com', 1385784149, 1385784149, 0),
(2, 'writing', 'http://google.com', '谷歌', 50, '', '谷歌\n', 'gg@admin.com', 1385784256, 1385784256, 0),
(3, 'writing', 'http://www.phpboys.com', 'phpboy', 50, '', '', '1042745891@qq.com', 1385902868, 1385902868, 0);

-- --------------------------------------------------------

--
-- 表的结构 `t_model`
--

CREATE TABLE IF NOT EXISTS `t_model` (
  `mid` smallint(5) unsigned NOT NULL AUTO_INCREMENT,
  `mname` varchar(60) NOT NULL DEFAULT '',
  `maction` varchar(50) NOT NULL DEFAULT '',
  `status` tinyint(1) unsigned NOT NULL DEFAULT '1',
  `issystem` tinyint(1) unsigned NOT NULL DEFAULT '0',
  PRIMARY KEY (`mid`)
) ENGINE=MyISAM  DEFAULT CHARSET=utf8 AUTO_INCREMENT=4 ;

--
-- 转存表中的数据 `t_model`
--

INSERT INTO `t_model` (`mid`, `mname`, `maction`, `status`, `issystem`) VALUES
(1, '博文', 'Article', 1, 1),
(2, '图集', 'Image', 1, 1),
(3, '下载', 'Download', 1, 1);

-- --------------------------------------------------------

--
-- 表的结构 `t_node`
--

CREATE TABLE IF NOT EXISTS `t_node` (
  `id` smallint(6) unsigned NOT NULL AUTO_INCREMENT,
  `name` varchar(20) NOT NULL,
  `title` varchar(50) DEFAULT NULL,
  `status` tinyint(1) DEFAULT '0',
  `remark` varchar(255) DEFAULT NULL,
  `sort` smallint(6) unsigned DEFAULT NULL,
  `pid` smallint(6) unsigned NOT NULL,
  `level` tinyint(1) unsigned NOT NULL,
  PRIMARY KEY (`id`),
  KEY `level` (`level`),
  KEY `pid` (`pid`),
  KEY `status` (`status`),
  KEY `name` (`name`)
) ENGINE=MyISAM  DEFAULT CHARSET=utf8 AUTO_INCREMENT=2503 ;

--
-- 转存表中的数据 `t_node`
--

INSERT INTO `t_node` (`id`, `name`, `title`, `status`, `remark`, `sort`, `pid`, `level`) VALUES
(1, 'Admin', '后台管理', 1, '后台管理', 50, 0, 1),
(10, 'Article', '博文管理', 1, '博文管理', 50, 1, 2),
(11, 'Columns', '分类管理', 1, '分类管理', 50, 1, 2),
(12, 'Tags', '标签管理', 1, '标签管理', 50, 1, 2),
(13, 'Singlepage', '单页管理', 1, '单页管理', 50, 1, 2),
(14, 'Model', '模型管理', 1, '模型管理', 50, 1, 2),
(15, 'Comment', '评论管理', 1, '评论管理', 50, 1, 2),
(16, 'Feedback', '留言管理', 1, '留言管理', 50, 1, 2),
(17, 'Links', '友情链接', 1, '友情链接', 50, 1, 2),
(18, 'Users', '用户列表', 1, '用户列表', 50, 1, 2),
(19, 'Role', '角色管理', 1, '角色管理', 50, 1, 2),
(20, 'Node', '节点管理', 1, '节点管理', 50, 1, 2),
(21, 'Config', '系统设置', 1, '系统设置', 50, 1, 2),
(22, 'Clearcache', '清理缓存', 1, '清理缓存', 50, 1, 2),
(23, 'Backupdata', '数据备份', 1, '数据备份', 50, 1, 2),
(24, 'Restoredata', '数据还原', 1, '数据还原', 50, 1, 2),
(25, 'Index', '后台主页', 1, '后台主页', 50, 1, 2),
(1000, 'index', '博文列表', 1, '博文列表', 50, 10, 3),
(1001, 'add', '添加博文', 1, '添加博文', 50, 10, 3),
(1002, 'edit', '编辑博文', 1, '编辑博文', 50, 10, 3),
(1003, 'updateord', '博文排序', 1, '博文排序', 50, 10, 3),
(1004, 'check', '博文审核', 1, '博文审核', 50, 10, 3),
(1005, 'del', '博文删除', 1, '博文删除', 50, 10, 3),
(1006, 'move', '博文移动', 1, '博文移动', 50, 10, 3),
(1007, 'addsave', '保存新增博文', 1, '保存新增博文', 50, 10, 3),
(1008, 'update', '博文编辑更新', 1, '博文编辑更新', 50, 10, 3),
(1100, 'index', '分类列表', 1, '分类列表', 50, 11, 3),
(1101, 'add', '增加分类', 1, '增加分类', 50, 11, 3),
(1102, 'edit', '编辑分类', 1, '编辑分类', 50, 11, 3),
(1103, 'addsun', '增加子分类', 1, '增加子分类', 50, 11, 3),
(1104, 'del', '删除分类', 1, '删除分类', 50, 11, 3),
(1105, 'updateord', '分类排序', 1, '分类排序', 50, 11, 3),
(1106, 'addsave', '保存新增分类', 1, '保存新增分类', 50, 11, 3),
(1107, 'update', '分类编辑更新', 1, '分类编辑更新', 50, 11, 3),
(1108, 'sunsave', '保存子分类', 1, '保存子分类', 50, 11, 3),
(1200, 'index', '标签列表', 1, '标签列表', 50, 12, 3),
(1201, 'del', '删除单个标签', 1, '删除单个标签', 50, 12, 3),
(1202, 'delall', '批量删除标签', 1, '批量删除标签', 50, 12, 3),
(1300, 'index', '单页列表', 1, '单页列表', 50, 13, 3),
(1301, 'add', '增加单页', 1, '增加列表', 50, 13, 3),
(1302, 'edit', '编辑单页', 1, '编辑单页', 50, 13, 3),
(1303, 'del', '删除单页', 1, '删除单页', 50, 13, 3),
(1304, 'addsave', '保存新增单页', 1, '保存新增单页', 50, 13, 3),
(1305, 'update', '更新单页', 1, '更新单页', 50, 13, 3),
(1400, 'index', '模型列表', 1, '模型列表', 50, 14, 3),
(1401, 'updown', '启用禁用模型', 1, '启用禁用模型', 50, 14, 3),
(1500, 'index', '评论列表', 1, '评论列表', 50, 15, 3),
(1501, 'reply', '评论回复', 1, '评论回复', 50, 15, 3),
(1502, 'check', '评论审核', 1, '评论审核', 50, 15, 3),
(1503, 'del', '评论删除', 1, '评论删除', 50, 15, 3),
(1504, 'replyAdd', '保存评论回复', 1, '保存评论回复', 50, 15, 3),
(1600, 'index', '留言列表', 1, '留言列表', 50, 16, 3),
(1601, 'reply', '留言回复', 1, '留言回复', 50, 16, 3),
(1602, 'del', '留言删除', 1, '留言删除', 50, 16, 3),
(1603, 'replyAdd', '保存留言回复', 1, '保存留言回复', 50, 16, 3),
(1700, 'index', '链接列表', 1, '链接列表', 50, 17, 3),
(1701, 'add', '增加链接', 1, '增加链接', 50, 17, 3),
(1702, 'edit', '编辑链接', 1, '编辑链接', 50, 17, 3),
(1703, 'check', '链接审核', 1, '链接审核', 50, 17, 3),
(1704, 'del', '链接删除', 1, '链接删除', 50, 17, 3),
(1705, 'addSave', '保存新增链接', 1, '保存新增链接', 50, 17, 3),
(1706, 'update', '更新链接', 1, '更新链接', 50, 17, 3),
(1707, 'updateord', '更新链接排序', 1, '更新链接排序', 50, 17, 3),
(1800, 'index', '用户列表', 1, '用户列表', 50, 18, 3),
(1801, 'add', '增加用户', 1, '增加用户', 50, 18, 3),
(1802, 'pwd', '修改密码', 1, '修改密码', 50, 18, 3),
(1803, 'changePwd', '修改密码提交', 1, '修改密码提交', 50, 18, 3),
(1804, 'addsave', '保存新增用户', 1, '保存新增用户', 50, 18, 3),
(1805, 'edit', '编辑用户', 1, '编辑用户', 50, 18, 3),
(1806, 'update', '更新用户', 1, '更新用户', 50, 18, 3),
(1807, 'del', '删除用户', 1, '删除用户', 50, 18, 3),
(1808, 'updown', '启用禁用用户', 1, '启用禁用用户', 50, 18, 3),
(1900, 'index', '角色列表', 1, '角色列表', 50, 19, 3),
(2000, 'index', '节点列表', 1, '节点列表', 50, 20, 3),
(2100, 'index', '系统设置', 1, '系统设置', 50, 21, 3),
(2200, 'index', '清理缓存', 1, '清理缓存', 50, 22, 3),
(2300, 'index', '数据备份', 1, '数据备份', 50, 23, 3),
(2400, 'index', '数据还原', 1, '数据还原', 50, 24, 3),
(2500, 'index', '系统首页', 1, '系统首页', 50, 25, 3),
(2501, 'main', '系统主页', 1, '系统主页', 50, 25, 3),
(2502, 'menu', '系统菜单', 1, '系统菜单', 50, 25, 3);

-- --------------------------------------------------------

--
-- 表的结构 `t_role`
--

CREATE TABLE IF NOT EXISTS `t_role` (
  `id` smallint(6) unsigned NOT NULL AUTO_INCREMENT,
  `name` varchar(20) NOT NULL,
  `pid` smallint(6) DEFAULT NULL,
  `status` tinyint(1) unsigned DEFAULT NULL,
  `remark` varchar(255) DEFAULT NULL,
  PRIMARY KEY (`id`),
  KEY `pid` (`pid`),
  KEY `status` (`status`)
) ENGINE=MyISAM DEFAULT CHARSET=utf8 AUTO_INCREMENT=1 ;

-- --------------------------------------------------------

--
-- 表的结构 `t_role_user`
--

CREATE TABLE IF NOT EXISTS `t_role_user` (
  `role_id` mediumint(9) unsigned DEFAULT NULL,
  `user_id` char(32) DEFAULT NULL,
  KEY `group_id` (`role_id`),
  KEY `user_id` (`user_id`)
) ENGINE=MyISAM DEFAULT CHARSET=utf8;

-- --------------------------------------------------------

--
-- 表的结构 `t_singlepage`
--

CREATE TABLE IF NOT EXISTS `t_singlepage` (
  `sgid` mediumint(8) unsigned NOT NULL AUTO_INCREMENT,
  `title` varchar(100) NOT NULL DEFAULT '',
  `keyword` varchar(100) NOT NULL DEFAULT '',
  `description` varchar(200) NOT NULL DEFAULT '',
  `username` varchar(30) NOT NULL DEFAULT '',
  `click` int(10) NOT NULL DEFAULT '0',
  `createtime` int(10) NOT NULL DEFAULT '0',
  `updatetime` int(10) NOT NULL DEFAULT '0',
  `content` text NOT NULL,
  PRIMARY KEY (`sgid`),
  KEY `spindex` (`username`)
) ENGINE=MyISAM DEFAULT CHARSET=utf8 AUTO_INCREMENT=1 ;

-- --------------------------------------------------------

--
-- 表的结构 `t_tags`
--

CREATE TABLE IF NOT EXISTS `t_tags` (
  `tagid` mediumint(8) unsigned NOT NULL AUTO_INCREMENT,
  `tagname` varchar(100) NOT NULL DEFAULT '',
  `num` mediumint(8) unsigned NOT NULL DEFAULT '0',
  `addtime` int(10) unsigned NOT NULL DEFAULT '0',
  `colid` smallint(5) unsigned NOT NULL DEFAULT '0',
  PRIMARY KEY (`tagid`)
) ENGINE=MyISAM  DEFAULT CHARSET=utf8 AUTO_INCREMENT=15 ;

--
-- 转存表中的数据 `t_tags`
--

INSERT INTO `t_tags` (`tagid`, `tagname`, `num`, `addtime`, `colid`) VALUES
(1, 'php', 1, 1385604118, 1),
(2, 'thinkphp', 2, 1385604118, 1),
(3, '博客', 1, 1385604118, 1),
(6, '感谢', 1, 1386143174, 1),
(5, '个人博客', 1, 1385901420, 1),
(7, 'jquery', 1, 1386143432, 3),
(8, '绑定事件', 1, 1386143432, 3),
(9, '统计工具', 1, 1386165682, 5),
(10, '云推送', 1, 1386165682, 5),
(11, '对外分享', 1, 1386165682, 5),
(12, '调用公共函数', 1, 1386216664, 2),
(13, 'Ueditor', 1, 1386238168, 5),
(14, '美图秀秀', 1, 1386238168, 5);

-- --------------------------------------------------------

--
-- 表的结构 `t_users`
--

CREATE TABLE IF NOT EXISTS `t_users` (
  `uid` mediumint(8) unsigned NOT NULL AUTO_INCREMENT,
  `username` varchar(30) NOT NULL DEFAULT '',
  `pwd` varchar(50) NOT NULL DEFAULT '',
  `bindaccount` varchar(50) NOT NULL DEFAULT '',
  `logintime` int(10) unsigned NOT NULL DEFAULT '0',
  `loginip` varchar(20) NOT NULL DEFAULT '',
  `createtime` int(10) unsigned NOT NULL DEFAULT '0',
  `updatetime` int(10) unsigned NOT NULL DEFAULT '0',
  `status` tinyint(1) unsigned NOT NULL DEFAULT '1',
  `email` varchar(20) NOT NULL DEFAULT '',
  `isadmin` tinyint(1) unsigned NOT NULL DEFAULT '0',
  PRIMARY KEY (`uid`),
  KEY `uindex` (`username`)
) ENGINE=MyISAM  DEFAULT CHARSET=utf8 AUTO_INCREMENT=2 ;

--
-- 转存表中的数据 `t_users`
--

INSERT INTO `t_users` (`uid`, `username`, `pwd`, `bindaccount`, `logintime`, `loginip`, `createtime`, `updatetime`, `status`, `email`, `isadmin`) VALUES
(1, 'admin', '704cecf33bcf0e995a96ae1e11f8a263', '', 1386233904, '123.121.15.171', 1385602614, 1385602614, 1, '1042745891@qq.com', 1);

/*!40101 SET CHARACTER_SET_CLIENT=@OLD_CHARACTER_SET_CLIENT */;
/*!40101 SET CHARACTER_SET_RESULTS=@OLD_CHARACTER_SET_RESULTS */;
/*!40101 SET COLLATION_CONNECTION=@OLD_COLLATION_CONNECTION */;
